Period,Schedule run,Id,X,Y,Range,Battery,Gather Rate,Recharge Rate
0,1,e1,25,25,100,0.00,10,10
0,0,e1,25,25,100,0.00,10,10
0,1,e1,25,25,100,0.00,10,10
0,0,e1,25,25,100,0.00,10,10
1,0,e1,25,25,100,9.56,10,10
1,1,e1,25,25,100,0.00,10,10
1,0,e1,25,25,100,0.00,10,10
1,1,e1,25,25,100,0.00,10,10
1,0,e1,25,25,100,0.00,10,10
2,0,e1,25,25,100,9.56,10,10
2,1,e1,25,25,100,0.00,10,10
2,0,e1,25,25,100,0.00,10,10
2,1,e1,25,25,100,0.00,10,10
2,0,e1,25,25,100,0.00,10,10
3,0,e1,25,25,100,9.56,10,10
3,1,e1,25,25,100,0.00,10,10
4,0,e1,25,25,100,9.56,10,10
4,1,e1,25,25,100,0.00,10,10
5,0,e1,25,25,100,9.56,10,10
5,1,e1,25,25,100,0.00,10,10
6,0,e1,25,25,100,9.56,10,10
7,0,e1,25,25,100,9.56,10,10
7,1,e1,25,25,100,0.00,10,10
8,0,e1,25,25,100,9.56,10,10
9,0,e1,25,25,100,9.56,10,10
9,1,e1,25,25,100,0.00,10,10
10,0,e1,25,25,100,9.56,10,10
10,1,e1,25,25,100,0.00,10,10
11,0,e1,25,25,100,9.56,10,10
12,0,e1,25,25,100,9.56,10,10
13,0,e1,25,25,100,9.56,10,10
14,0,e1,25,25,100,9.56,10,10
14,1,e1,25,25,100,0.00,10,10
15,0,e1,25,25,100,9.56,10,10
16,0,e1,25,25,100,9.56,10,10
17,0,e1,25,25,100,9.56,10,10
17,1,e1,25,25,100,0.00,10,10
18,0,e1,25,25,100,9.56,10,10
18,1,e1,25,25,100,0.00,10,10
19,0,e1,25,25,100,9.56,10,10
20,0,e1,25,25,100,9.56,10,10
21,0,e1,25,25,100,9.56,10,10
21,1,e1,25,25,100,0.00,10,10
22,0,e1,25,25,100,9.56,10,10
23,0,e1,25,25,100,9.56,10,10
23,1,e1,25,25,100,0.00,10,10
24,0,e1,25,25,100,9.56,10,10
24,1,e1,25,25,100,0.00,10,10
25,0,e1,25,25,100,9.56,10,10
26,0,e1,25,25,100,9.56,10,10
27,0,e1,25,25,100,9.56,10,10
28,0,e1,25,25,100,9.56,10,10
28,1,e1,25,25,100,0.00,10,10
29,0,e1,25,25,100,9.56,10,10
30,0,e1,25,25,100,9.56,10,10
31,0,e1,25,25,100,9.56,10,10
31,1,e1,25,25,100,0.00,10,10
32,0,e1,25,25,100,9.56,10,10
32,1,e1,25,25,100,0.00,10,10
33,0,e1,25,25,100,9.56,10,10
34,0,e1,25,25,100,9.56,10,10
35,0,e1,25,25,100,9.56,10,10
35,1,e1,25,25,100,0.00,10,10
36,0,e1,25,25,100,9.56,10,10
37,0,e1,25,25,100,9.56,10,10
37,1,e1,25,25,100,0.00,10,10
38,0,e1,25,25,100,9.56,10,10
38,1,e1,25,25,100,0.00,10,10
39,0,e1,25,25,100,9.56,10,10
40,0,e1,25,25,100,9.56,10,10
41,0,e1,25,25,100,9.56,10,10
42,0,e1,25,25,100,9.56,10,10
42,1,e1,25,25,100,0.00,10,10
43,0,e1,25,25,100,9.56,10,10
44,0,e1,25,25,100,9.56,10,10
45,0,e1,25,25,100,9.56,10,10
45,1,e1,25,25,100,0.00,10,10
46,0,e1,25,25,100,9.56,10,10
47,0,e1,25,25,100,9.56,10,10
47,1,e1,25,25,100,0.00,10,10
48,0,e1,25,25,100,9.56,10,10
49,0,e1,25,25,100,9.56,10,10
49,1,e1,25,25,100,0.00,10,10
50,0,e1,25,25,100,9.56,10,10
51,0,e1,25,25,100,9.56,10,10
51,1,e1,25,25,100,0.00,10,10
52,0,e1,25,25,100,9.56,10,10
53,0,e1,25,25,100,9.56,10,10
53,1,e1,25,25,100,0.00,10,10
54,0,e1,25,25,100,9.56,10,10
55,0,e1,25,25,100,9.56,10,10
56,0,e1,25,25,100,9.56,10,10
56,1,e1,25,25,100,0.00,10,10
57,0,e1,25,25,100,9.56,10,10
58,0,e1,25,25,100,9.56,10,10
59,0,e1,25,25,100,9.56,10,10
60,0,e1,25,25,100,9.56,10,10
60,1,e1,25,25,100,0.00,10,10
61,0,e1,25,25,100,9.56,10,10
61,1,e1,25,25,100,0.00,10,10
62,0,e1,25,25,100,9.56,10,10
63,0,e1,25,25,100,9.56,10,10
63,1,e1,25,25,100,0.00,10,10
64,0,e1,25,25,100,9.56,10,10
65,0,e1,25,25,100,9.56,10,10
65,1,e1,25,25,100,0.00,10,10
66,0,e1,25,25,100,9.56,10,10
67,0,e1,25,25,100,9.56,10,10
67,1,e1,25,25,100,0.00,10,10
68,0,e1,25,25,100,9.56,10,10
69,0,e1,25,25,100,9.56,10,10
70,0,e1,25,25,100,9.56,10,10
70,1,e1,25,25,100,0.00,10,10
71,0,e1,25,25,100,9.56,10,10
72,0,e1,25,25,100,9.56,10,10
73,0,e1,25,25,100,9.56,10,10
74,0,e1,25,25,100,9.56,10,10
74,1,e1,25,25,100,0.00,10,10
75,0,e1,25,25,100,9.56,10,10
75,1,e1,25,25,100,0.00,10,10
76,0,e1,25,25,100,9.56,10,10
77,0,e1,25,25,100,9.56,10,10
77,1,e1,25,25,100,0.00,10,10
78,0,e1,25,25,100,9.56,10,10
79,0,e1,25,25,100,9.56,10,10
80,0,e1,25,25,100,9.56,10,10
80,1,e1,25,25,100,0.00,10,10
81,0,e1,25,25,100,9.56,10,10
81,1,e1,25,25,100,0.00,10,10
82,0,e1,25,25,100,9.56,10,10
83,0,e1,25,25,100,9.56,10,10
84,0,e1,25,25,100,9.56,10,10
84,1,e1,25,25,100,0.00,10,10
85,0,e1,25,25,100,9.56,10,10
86,0,e1,25,25,100,9.56,10,10
87,0,e1,25,25,100,9.56,10,10
88,0,e1,25,25,100,9.56,10,10
88,1,e1,25,25,100,0.00,10,10
89,0,e1,25,25,100,9.56,10,10
89,1,e1,25,25,100,0.00,10,10
90,0,e1,25,25,100,9.56,10,10
91,0,e1,25,25,100,9.56,10,10
91,1,e1,25,25,100,0.00,10,10
92,0,e1,25,25,100,9.56,10,10
93,0,e1,25,25,100,9.56,10,10
94,0,e1,25,25,100,9.56,10,10
94,1,e1,25,25,100,0.00,10,10
95,0,e1,25,25,100,9.56,10,10
95,1,e1,25,25,100,0.00,10,10
96,0,e1,25,25,100,9.56,10,10
97,0,e1,25,25,100,9.56,10,10
98,0,e1,25,25,100,9.56,10,10
98,1,e1,25,25,100,0.00,10,10
99,0,e1,25,25,100,9.56,10,10
100,0,e1,25,25,100,9.56,10,10
101,0,e1,25,25,100,9.56,10,10
102,0,e1,25,25,100,9.56,10,10
102,1,e1,25,25,100,0.00,10,10
103,0,e1,25,25,100,9.56,10,10
103,1,e1,25,25,100,0.00,10,10
104,0,e1,25,25,100,9.56,10,10
105,0,e1,25,25,100,9.56,10,10
106,0,e1,25,25,100,9.56,10,10
106,1,e1,25,25,100,0.00,10,10
107,0,e1,25,25,100,9.56,10,10
108,0,e1,25,25,100,9.56,10,10
108,1,e1,25,25,100,0.00,10,10
109,0,e1,25,25,100,9.56,10,10
109,1,e1,25,25,100,0.00,10,10
110,0,e1,25,25,100,9.56,10,10
111,0,e1,25,25,100,9.56,10,10
112,0,e1,25,25,100,9.56,10,10
113,0,e1,25,25,100,9.56,10,10
113,1,e1,25,25,100,0.00,10,10
114,0,e1,25,25,100,9.56,10,10
115,0,e1,25,25,100,9.56,10,10
116,0,e1,25,25,100,9.56,10,10
116,1,e1,25,25,100,0.00,10,10
117,0,e1,25,25,100,9.56,10,10
117,1,e1,25,25,100,0.00,10,10
118,0,e1,25,25,100,9.56,10,10
0,1,e1,25,25,100,0.00,10,10
0,0,e1,25,25,100,0.00,10,10
0,1,e1,25,25,100,0.00,10,10
0,0,e1,25,25,100,0.00,10,10
1,0,e1,25,25,100,9.56,10,10
1,1,e1,25,25,100,0.00,10,10
1,0,e1,25,25,100,0.00,10,10
1,1,e1,25,25,100,0.00,10,10
1,0,e1,25,25,100,0.00,10,10
2,0,e1,25,25,100,9.56,10,10
2,1,e1,25,25,100,0.00,10,10
2,0,e1,25,25,100,0.00,10,10
2,1,e1,25,25,100,0.00,10,10
2,0,e1,25,25,100,0.00,10,10
3,0,e1,25,25,100,9.56,10,10
3,1,e1,25,25,100,0.00,10,10
4,0,e1,25,25,100,9.56,10,10
4,1,e1,25,25,100,0.00,10,10
5,0,e1,25,25,100,9.56,10,10
5,1,e1,25,25,100,0.00,10,10
6,0,e1,25,25,100,9.56,10,10
7,0,e1,25,25,100,9.56,10,10
7,1,e1,25,25,100,0.00,10,10
8,0,e1,25,25,100,9.56,10,10
9,0,e1,25,25,100,9.56,10,10
9,1,e1,25,25,100,0.00,10,10
10,0,e1,25,25,100,9.56,10,10
10,1,e1,25,25,100,0.00,10,10
11,0,e1,25,25,100,9.56,10,10
12,0,e1,25,25,100,9.56,10,10
13,0,e1,25,25,100,9.56,10,10
14,0,e1,25,25,100,9.56,10,10
14,1,e1,25,25,100,0.00,10,10
15,0,e1,25,25,100,9.56,10,10
16,0,e1,25,25,100,9.56,10,10
17,0,e1,25,25,100,9.56,10,10
17,1,e1,25,25,100,0.00,10,10
18,0,e1,25,25,100,9.56,10,10
18,1,e1,25,25,100,0.00,10,10
19,0,e1,25,25,100,9.56,10,10
20,0,e1,25,25,100,9.56,10,10
21,0,e1,25,25,100,9.56,10,10
21,1,e1,25,25,100,0.00,10,10
22,0,e1,25,25,100,9.56,10,10
23,0,e1,25,25,100,9.56,10,10
23,1,e1,25,25,100,0.00,10,10
24,0,e1,25,25,100,9.56,10,10
24,1,e1,25,25,100,0.00,10,10
25,0,e1,25,25,100,9.56,10,10
26,0,e1,25,25,100,9.56,10,10
27,0,e1,25,25,100,9.56,10,10
28,0,e1,25,25,100,9.56,10,10
28,1,e1,25,25,100,0.00,10,10
29,0,e1,25,25,100,9.56,10,10
30,0,e1,25,25,100,9.56,10,10
31,0,e1,25,25,100,9.56,10,10
31,1,e1,25,25,100,0.00,10,10
32,0,e1,25,25,100,9.56,10,10
32,1,e1,25,25,100,0.00,10,10
33,0,e1,25,25,100,9.56,10,10
34,0,e1,25,25,100,9.56,10,10
35,0,e1,25,25,100,9.56,10,10
35,1,e1,25,25,100,0.00,10,10
36,0,e1,25,25,100,9.56,10,10
37,0,e1,25,25,100,9.56,10,10
37,1,e1,25,25,100,0.00,10,10
38,0,e1,25,25,100,9.56,10,10
38,1,e1,25,25,100,0.00,10,10
39,0,e1,25,25,100,9.56,10,10
40,0,e1,25,25,100,9.56,10,10
41,0,e1,25,25,100,9.56,10,10
42,0,e1,25,25,100,9.56,10,10
42,1,e1,25,25,100,0.00,10,10
43,0,e1,25,25,100,9.56,10,10
44,0,e1,25,25,100,9.56,10,10
45,0,e1,25,25,100,9.56,10,10
45,1,e1,25,25,100,0.00,10,10
46,0,e1,25,25,100,9.56,10,10
47,0,e1,25,25,100,9.56,10,10
47,1,e1,25,25,100,0.00,10,10
48,0,e1,25,25,100,9.56,10,10
49,0,e1,25,25,100,9.56,10,10
49,1,e1,25,25,100,0.00,10,10
50,0,e1,25,25,100,9.56,10,10
51,0,e1,25,25,100,9.56,10,10
51,1,e1,25,25,100,0.00,10,10
52,0,e1,25,25,100,9.56,10,10
53,0,e1,25,25,100,9.56,10,10
53,1,e1,25,25,100,0.00,10,10
54,0,e1,25,25,100,9.56,10,10
55,0,e1,25,25,100,9.56,10,10
56,0,e1,25,25,100,9.56,10,10
56,1,e1,25,25,100,0.00,10,10
57,0,e1,25,25,100,9.56,10,10
58,0,e1,25,25,100,9.56,10,10
59,0,e1,25,25,100,9.56,10,10
60,0,e1,25,25,100,9.56,10,10
60,1,e1,25,25,100,0.00,10,10
61,0,e1,25,25,100,9.56,10,10
61,1,e1,25,25,100,0.00,10,10
62,0,e1,25,25,100,9.56,10,10
63,0,e1,25,25,100,9.56,10,10
63,1,e1,25,25,100,0.00,10,10
64,0,e1,25,25,100,9.56,10,10
65,0,e1,25,25,100,9.56,10,10
65,1,e1,25,25,100,0.00,10,10
66,0,e1,25,25,100,9.56,10,10
67,0,e1,25,25,100,9.56,10,10
67,1,e1,25,25,100,0.00,10,10
68,0,e1,25,25,100,9.56,10,10
69,0,e1,25,25,100,9.56,10,10
70,0,e1,25,25,100,9.56,10,10
70,1,e1,25,25,100,0.00,10,10
71,0,e1,25,25,100,9.56,10,10
72,0,e1,25,25,100,9.56,10,10
73,0,e1,25,25,100,9.56,10,10
74,0,e1,25,25,100,9.56,10,10
74,1,e1,25,25,100,0.00,10,10
75,0,e1,25,25,100,9.56,10,10
75,1,e1,25,25,100,0.00,10,10
76,0,e1,25,25,100,9.56,10,10
77,0,e1,25,25,100,9.56,10,10
77,1,e1,25,25,100,0.00,10,10
78,0,e1,25,25,100,9.56,10,10
79,0,e1,25,25,100,9.56,10,10
80,0,e1,25,25,100,9.56,10,10
80,1,e1,25,25,100,0.00,10,10
81,0,e1,25,25,100,9.56,10,10
81,1,e1,25,25,100,0.00,10,10
82,0,e1,25,25,100,9.56,10,10
83,0,e1,25,25,100,9.56,10,10
84,0,e1,25,25,100,9.56,10,10
84,1,e1,25,25,100,0.00,10,10
85,0,e1,25,25,100,9.56,10,10
86,0,e1,25,25,100,9.56,10,10
87,0,e1,25,25,100,9.56,10,10
88,0,e1,25,25,100,9.56,10,10
88,1,e1,25,25,100,0.00,10,10
89,0,e1,25,25,100,9.56,10,10
89,1,e1,25,25,100,0.00,10,10
90,0,e1,25,25,100,9.56,10,10
91,0,e1,25,25,100,9.56,10,10
91,1,e1,25,25,100,0.00,10,10
92,0,e1,25,25,100,9.56,10,10
93,0,e1,25,25,100,9.56,10,10
94,0,e1,25,25,100,9.56,10,10
94,1,e1,25,25,100,0.00,10,10
95,0,e1,25,25,100,9.56,10,10
95,1,e1,25,25,100,0.00,10,10
96,0,e1,25,25,100,9.56,10,10
97,0,e1,25,25,100,9.56,10,10
98,0,e1,25,25,100,9.56,10,10
98,1,e1,25,25,100,0.00,10,10
99,0,e1,25,25,100,9.56,10,10
100,0,e1,25,25,100,9.56,10,10
101,0,e1,25,25,100,9.56,10,10
102,0,e1,25,25,100,9.56,10,10
102,1,e1,25,25,100,0.00,10,10
103,0,e1,25,25,100,9.56,10,10
103,1,e1,25,25,100,0.00,10,10
104,0,e1,25,25,100,9.56,10,10
105,0,e1,25,25,100,9.56,10,10
106,0,e1,25,25,100,9.56,10,10
106,1,e1,25,25,100,0.00,10,10
107,0,e1,25,25,100,9.56,10,10
108,0,e1,25,25,100,9.56,10,10
108,1,e1,25,25,100,0.00,10,10
109,0,e1,25,25,100,9.56,10,10
109,1,e1,25,25,100,0.00,10,10
110,0,e1,25,25,100,9.56,10,10
111,0,e1,25,25,100,9.56,10,10
112,0,e1,25,25,100,9.56,10,10
113,0,e1,25,25,100,9.56,10,10
113,1,e1,25,25,100,0.00,10,10
114,0,e1,25,25,100,9.56,10,10
115,0,e1,25,25,100,9.56,10,10
116,0,e1,25,25,100,9.56,10,10
116,1,e1,25,25,100,0.00,10,10
117,0,e1,25,25,100,9.56,10,10
117,1,e1,25,25,100,0.00,10,10
118,0,e1,25,25,100,9.56,10,10
119,0,e1,25,25,100,9.56,10,10
120,0,e1,25,25,100,9.56,10,10
120,1,e1,25,25,100,0.00,10,10
121,0,e1,25,25,100,9.56,10,10
122,0,e1,25,25,100,9.56,10,10
122,1,e1,25,25,100,0.00,10,10
123,0,e1,25,25,100,9.56,10,10
123,1,e1,25,25,100,0.00,10,10
124,0,e1,25,25,100,9.56,10,10
125,0,e1,25,25,100,9.56,10,10
126,0,e1,25,25,100,9.56,10,10
127,0,e1,25,25,100,9.56,10,10
127,1,e1,25,25,100,0.00,10,10
128,0,e1,25,25,100,9.56,10,10
129,0,e1,25,25,100,9.56,10,10
130,0,e1,25,25,100,9.56,10,10
130,1,e1,25,25,100,0.00,10,10
131,0,e1,25,25,100,9.56,10,10
131,1,e1,25,25,100,0.00,10,10
132,0,e1,25,25,100,9.56,10,10
133,0,e1,25,25,100,9.56,10,10
134,0,e1,25,25,100,9.56,10,10
134,1,e1,25,25,100,0.00,10,10
135,0,e1,25,25,100,9.56,10,10
136,0,e1,25,25,100,9.56,10,10
136,1,e1,25,25,100,0.00,10,10
137,0,e1,25,25,100,9.56,10,10
137,1,e1,25,25,100,0.00,10,10
138,0,e1,25,25,100,9.56,10,10
139,0,e1,25,25,100,9.56,10,10
140,0,e1,25,25,100,9.56,10,10
141,0,e1,25,25,100,9.56,10,10
141,1,e1,25,25,100,0.00,10,10
142,0,e1,25,25,100,9.56,10,10
143,0,e1,25,25,100,9.56,10,10
144,0,e1,25,25,100,9.56,10,10
144,1,e1,25,25,100,0.00,10,10
145,0,e1,25,25,100,9.56,10,10
146,0,e1,25,25,100,9.56,10,10
146,1,e1,25,25,100,0.00,10,10
147,0,e1,25,25,100,9.56,10,10
148,0,e1,25,25,100,9.56,10,10
148,1,e1,25,25,100,0.00,10,10
149,0,e1,25,25,100,9.56,10,10
150,0,e1,25,25,100,9.56,10,10
150,1,e1,25,25,100,0.00,10,10
151,0,e1,25,25,100,9.56,10,10
152,0,e1,25,25,100,9.56,10,10
152,1,e1,25,25,100,0.00,10,10
153,0,e1,25,25,100,9.56,10,10
154,0,e1,25,25,100,9.56,10,10
155,0,e1,25,25,100,9.56,10,10
155,1,e1,25,25,100,0.00,10,10
156,0,e1,25,25,100,9.56,10,10
157,0,e1,25,25,100,9.56,10,10
158,0,e1,25,25,100,9.56,10,10
159,0,e1,25,25,100,9.56,10,10
159,1,e1,25,25,100,0.00,10,10
160,0,e1,25,25,100,9.56,10,10
160,1,e1,25,25,100,0.00,10,10
161,0,e1,25,25,100,9.56,10,10
162,0,e1,25,25,100,9.56,10,10
162,1,e1,25,25,100,0.00,10,10
163,0,e1,25,25,100,9.56,10,10
164,0,e1,25,25,100,9.56,10,10
164,1,e1,25,25,100,0.00,10,10
165,0,e1,25,25,100,9.56,10,10
166,0,e1,25,25,100,9.56,10,10
166,1,e1,25,25,100,0.00,10,10
167,0,e1,25,25,100,9.56,10,10
168,0,e1,25,25,100,9.56,10,10
169,0,e1,25,25,100,9.56,10,10
169,1,e1,25,25,100,0.00,10,10
170,0,e1,25,25,100,9.56,10,10
171,0,e1,25,25,100,9.56,10,10
172,0,e1,25,25,100,9.56,10,10
173,0,e1,25,25,100,9.56,10,10
173,1,e1,25,25,100,0.00,10,10
174,0,e1,25,25,100,9.56,10,10
174,1,e1,25,25,100,0.00,10,10
175,0,e1,25,25,100,9.56,10,10
176,0,e1,25,25,100,9.56,10,10
176,1,e1,25,25,100,0.00,10,10
177,0,e1,25,25,100,9.56,10,10
178,0,e1,25,25,100,9.56,10,10
179,0,e1,25,25,100,9.56,10,10
179,1,e1,25,25,100,0.00,10,10
180,0,e1,25,25,100,9.56,10,10
180,1,e1,25,25,100,0.00,10,10
181,0,e1,25,25,100,9.56,10,10
182,0,e1,25,25,100,9.56,10,10
183,0,e1,25,25,100,9.56,10,10
183,1,e1,25,25,100,0.00,10,10
184,0,e1,25,25,100,9.56,10,10
185,0,e1,25,25,100,9.56,10,10
186,0,e1,25,25,100,9.56,10,10
187,0,e1,25,25,100,9.56,10,10
187,1,e1,25,25,100,0.00,10,10
188,0,e1,25,25,100,9.56,10,10
188,1,e1,25,25,100,0.00,10,10
189,0,e1,25,25,100,9.56,10,10
190,0,e1,25,25,100,9.56,10,10
190,1,e1,25,25,100,0.00,10,10
191,0,e1,25,25,100,9.56,10,10
192,0,e1,25,25,100,9.56,10,10
193,0,e1,25,25,100,9.56,10,10
193,1,e1,25,25,100,0.00,10,10
194,0,e1,25,25,100,9.56,10,10
194,1,e1,25,25,100,0.00,10,10
195,0,e1,25,25,100,9.56,10,10
196,0,e1,25,25,100,9.56,10,10
197,0,e1,25,25,100,9.56,10,10
197,1,e1,25,25,100,0.00,10,10
198,0,e1,25,25,100,9.56,10,10
199,0,e1,25,25,100,9.56,10,10
200,0,e1,25,25,100,9.56,10,10
201,0,e1,25,25,100,9.56,10,10
201,1,e1,25,25,100,0.00,10,10
202,0,e1,25,25,100,9.56,10,10
202,1,e1,25,25,100,0.00,10,10
203,0,e1,25,25,100,9.56,10,10
204,0,e1,25,25,100,9.56,10,10
205,0,e1,25,25,100,9.56,10,10
205,1,e1,25,25,100,0.00,10,10
206,0,e1,25,25,100,9.56,10,10
207,0,e1,25,25,100,9.56,10,10
207,1,e1,25,25,100,0.00,10,10
208,0,e1,25,25,100,9.56,10,10
208,1,e1,25,25,100,0.00,10,10
209,0,e1,25,25,100,9.56,10,10
210,0,e1,25,25,100,9.56,10,10
211,0,e1,25,25,100,9.56,10,10
212,0,e1,25,25,100,9.56,10,10
212,1,e1,25,25,100,0.00,10,10
213,0,e1,25,25,100,9.56,10,10
214,0,e1,25,25,100,9.56,10,10
215,0,e1,25,25,100,9.56,10,10
215,1,e1,25,25,100,0.00,10,10
216,0,e1,25,25,100,9.56,10,10
216,1,e1,25,25,100,0.00,10,10
217,0,e1,25,25,100,9.56,10,10
218,0,e1,25,25,100,9.56,10,10
219,0,e1,25,25,100,9.56,10,10
219,1,e1,25,25,100,0.00,10,10
220,0,e1,25,25,100,9.56,10,10
221,0,e1,25,25,100,9.56,10,10
221,1,e1,25,25,100,0.00,10,10
222,0,e1,25,25,100,9.56,10,10
222,1,e1,25,25,100,0.00,10,10
223,0,e1,25,25,100,9.56,10,10
224,0,e1,25,25,100,9.56,10,10
225,0,e1,25,25,100,9.56,10,10
226,0,e1,25,25,100,9.56,10,10
226,1,e1,25,25,100,0.00,10,10
227,0,e1,25,25,100,9.56,10,10
228,0,e1,25,25,100,9.56,10,10
229,0,e1,25,25,100,9.56,10,10
229,1,e1,25,25,100,0.00,10,10
230,0,e1,25,25,100,9.56,10,10
230,1,e1,25,25,100,0.00,10,10
231,0,e1,25,25,100,9.56,10,10
232,0,e1,25,25,100,9.56,10,10
233,0,e1,25,25,100,9.56,10,10
233,1,e1,25,25,100,0.00,10,10
234,0,e1,25,25,100,9.56,10,10
235,0,e1,25,25,100,9.56,10,10
235,1,e1,25,25,100,0.00,10,10
236,0,e1,25,25,100,9.56,10,10
236,1,e1,25,25,100,0.00,10,10
237,0,e1,25,25,100,9.56,10,10
238,0,e1,25,25,100,9.56,10,10
239,0,e1,25,25,100,9.56,10,10
240,0,e1,25,25,100,9.56,10,10
240,1,e1,25,25,100,0.00,10,10
241,0,e1,25,25,100,9.56,10,10
242,0,e1,25,25,100,9.56,10,10
243,0,e1,25,25,100,9.56,10,10
243,1,e1,25,25,100,0.00,10,10
244,0,e1,25,25,100,9.56,10,10
245,0,e1,25,25,100,9.56,10,10
245,1,e1,25,25,100,0.00,10,10
246,0,e1,25,25,100,9.56,10,10
247,0,e1,25,25,100,9.56,10,10
247,1,e1,25,25,100,0.00,10,10
248,0,e1,25,25,100,9.56,10,10
249,0,e1,25,25,100,9.56,10,10
249,1,e1,25,25,100,0.00,10,10
250,0,e1,25,25,100,9.56,10,10
251,0,e1,25,25,100,9.56,10,10
251,1,e1,25,25,100,0.00,10,10
252,0,e1,25,25,100,9.56,10,10
253,0,e1,25,25,100,9.56,10,10
254,0,e1,25,25,100,9.56,10,10
0,1,e1,25,25,100,0.00,10,10
0,0,e1,25,25,100,0.00,10,10
0,1,e1,25,25,100,0.00,10,10
0,0,e1,25,25,100,0.00,10,10
1,0,e1,25,25,100,9.56,10,10
1,1,e1,25,25,100,0.00,10,10
1,0,e1,25,25,100,0.00,10,10
1,1,e1,25,25,100,0.00,10,10
1,0,e1,25,25,100,0.00,10,10
2,0,e1,25,25,100,9.56,10,10
2,1,e1,25,25,100,0.00,10,10
2,0,e1,25,25,100,0.00,10,10
2,1,e1,25,25,100,0.00,10,10
2,0,e1,25,25,100,0.00,10,10
3,0,e1,25,25,100,9.56,10,10
3,1,e1,25,25,100,0.00,10,10
4,0,e1,25,25,100,9.56,10,10
4,1,e1,25,25,100,0.00,10,10
5,0,e1,25,25,100,9.56,10,10
5,1,e1,25,25,100,0.00,10,10
6,0,e1,25,25,100,9.56,10,10
7,0,e1,25,25,100,9.56,10,10
7,1,e1,25,25,100,0.00,10,10
8,0,e1,25,25,100,9.56,10,10
9,0,e1,25,25,100,9.56,10,10
9,1,e1,25,25,100,0.00,10,10
10,0,e1,25,25,100,9.56,10,10
10,1,e1,25,25,100,0.00,10,10
11,0,e1,25,25,100,9.56,10,10
12,0,e1,25,25,100,9.56,10,10
13,0,e1,25,25,100,9.56,10,10
14,0,e1,25,25,100,9.56,10,10
14,1,e1,25,25,100,0.00,10,10
15,0,e1,25,25,100,9.56,10,10
16,0,e1,25,25,100,9.56,10,10
17,0,e1,25,25,100,9.56,10,10
17,1,e1,25,25,100,0.00,10,10
18,0,e1,25,25,100,9.56,10,10
18,1,e1,25,25,100,0.00,10,10
19,0,e1,25,25,100,9.56,10,10
20,0,e1,25,25,100,9.56,10,10
21,0,e1,25,25,100,9.56,10,10
21,1,e1,25,25,100,0.00,10,10
22,0,e1,25,25,100,9.56,10,10
23,0,e1,25,25,100,9.56,10,10
23,1,e1,25,25,100,0.00,10,10
24,0,e1,25,25,100,9.56,10,10
24,1,e1,25,25,100,0.00,10,10
25,0,e1,25,25,100,9.56,10,10
26,0,e1,25,25,100,9.56,10,10
27,0,e1,25,25,100,9.56,10,10
28,0,e1,25,25,100,9.56,10,10
28,1,e1,25,25,100,0.00,10,10
29,0,e1,25,25,100,9.56,10,10
30,0,e1,25,25,100,9.56,10,10
31,0,e1,25,25,100,9.56,10,10
31,1,e1,25,25,100,0.00,10,10
32,0,e1,25,25,100,9.56,10,10
32,1,e1,25,25,100,0.00,10,10
33,0,e1,25,25,100,9.56,10,10
34,0,e1,25,25,100,9.56,10,10
35,0,e1,25,25,100,9.56,10,10
35,1,e1,25,25,100,0.00,10,10
36,0,e1,25,25,100,9.56,10,10
37,0,e1,25,25,100,9.56,10,10
37,1,e1,25,25,100,0.00,10,10
38,0,e1,25,25,100,9.56,10,10
38,1,e1,25,25,100,0.00,10,10
39,0,e1,25,25,100,9.56,10,10
40,0,e1,25,25,100,9.56,10,10
41,0,e1,25,25,100,9.56,10,10
42,0,e1,25,25,100,9.56,10,10
42,1,e1,25,25,100,0.00,10,10
43,0,e1,25,25,100,9.56,10,10
44,0,e1,25,25,100,9.56,10,10
45,0,e1,25,25,100,9.56,10,10
45,1,e1,25,25,100,0.00,10,10
46,0,e1,25,25,100,9.56,10,10
47,0,e1,25,25,100,9.56,10,10
47,1,e1,25,25,100,0.00,10,10
48,0,e1,25,25,100,9.56,10,10
49,0,e1,25,25,100,9.56,10,10
49,1,e1,25,25,100,0.00,10,10
50,0,e1,25,25,100,9.56,10,10
51,0,e1,25,25,100,9.56,10,10
51,1,e1,25,25,100,0.00,10,10
52,0,e1,25,25,100,9.56,10,10
53,0,e1,25,25,100,9.56,10,10
53,1,e1,25,25,100,0.00,10,10
54,0,e1,25,25,100,9.56,10,10
55,0,e1,25,25,100,9.56,10,10
56,0,e1,25,25,100,9.56,10,10
56,1,e1,25,25,100,0.00,10,10
57,0,e1,25,25,100,9.56,10,10
58,0,e1,25,25,100,9.56,10,10
59,0,e1,25,25,100,9.56,10,10
60,0,e1,25,25,100,9.56,10,10
60,1,e1,25,25,100,0.00,10,10
61,0,e1,25,25,100,9.56,10,10
61,1,e1,25,25,100,0.00,10,10
62,0,e1,25,25,100,9.56,10,10
63,0,e1,25,25,100,9.56,10,10
63,1,e1,25,25,100,0.00,10,10
64,0,e1,25,25,100,9.56,10,10
65,0,e1,25,25,100,9.56,10,10
65,1,e1,25,25,100,0.00,10,10
66,0,e1,25,25,100,9.56,10,10
67,0,e1,25,25,100,9.56,10,10
67,1,e1,25,25,100,0.00,10,10
68,0,e1,25,25,100,9.56,10,10
69,0,e1,25,25,100,9.56,10,10
70,0,e1,25,25,100,9.56,10,10
70,1,e1,25,25,100,0.00,10,10
71,0,e1,25,25,100,9.56,10,10
72,0,e1,25,25,100,9.56,10,10
73,0,e1,25,25,100,9.56,10,10
74,0,e1,25,25,100,9.56,10,10
74,1,e1,25,25,100,0.00,10,10
75,0,e1,25,25,100,9.56,10,10
75,1,e1,25,25,100,0.00,10,10
76,0,e1,25,25,100,9.56,10,10
77,0,e1,25,25,100,9.56,10,10
77,1,e1,25,25,100,0.00,10,10
78,0,e1,25,25,100,9.56,10,10
79,0,e1,25,25,100,9.56,10,10
80,0,e1,25,25,100,9.56,10,10
80,1,e1,25,25,100,0.00,10,10
81,0,e1,25,25,100,9.56,10,10
81,1,e1,25,25,100,0.00,10,10
82,0,e1,25,25,100,9.56,10,10
83,0,e1,25,25,100,9.56,10,10
84,0,e1,25,25,100,9.56,10,10
84,1,e1,25,25,100,0.00,10,10
85,0,e1,25,25,100,9.56,10,10
86,0,e1,25,25,100,9.56,10,10
87,0,e1,25,25,100,9.56,10,10
88,0,e1,25,25,100,9.56,10,10
88,1,e1,25,25,100,0.00,10,10
89,0,e1,25,25,100,9.56,10,10
89,1,e1,25,25,100,0.00,10,10
90,0,e1,25,25,100,9.56,10,10
91,0,e1,25,25,100,9.56,10,10
91,1,e1,25,25,100,0.00,10,10
92,0,e1,25,25,100,9.56,10,10
93,0,e1,25,25,100,9.56,10,10
94,0,e1,25,25,100,9.56,10,10
94,1,e1,25,25,100,0.00,10,10
95,0,e1,25,25,100,9.56,10,10
95,1,e1,25,25,100,0.00,10,10
96,0,e1,25,25,100,9.56,10,10
97,0,e1,25,25,100,9.56,10,10
98,0,e1,25,25,100,9.56,10,10
98,1,e1,25,25,100,0.00,10,10
99,0,e1,25,25,100,9.56,10,10
0,1,e1,25,25,100,0.00,10,10
0,0,e1,25,25,100,0.00,10,10
0,1,e1,25,25,100,0.00,10,10
0,0,e1,25,25,100,0.00,10,10
1,0,e1,25,25,100,9.56,10,10
1,1,e1,25,25,100,0.00,10,10
1,0,e1,25,25,100,0.00,10,10
1,1,e1,25,25,100,0.00,10,10
1,0,e1,25,25,100,0.00,10,10
2,0,e1,25,25,100,9.56,10,10
2,1,e1,25,25,100,0.00,10,10
2,0,e1,25,25,100,0.00,10,10
2,1,e1,25,25,100,0.00,10,10
2,0,e1,25,25,100,0.00,10,10
3,0,e1,25,25,100,9.56,10,10
3,1,e1,25,25,100,0.00,10,10
4,0,e1,25,25,100,9.56,10,10
4,1,e1,25,25,100,0.00,10,10
5,0,e1,25,25,100,9.56,10,10
5,1,e1,25,25,100,0.00,10,10
6,0,e1,25,25,100,9.56,10,10
7,0,e1,25,25,100,9.56,10,10
7,1,e1,25,25,100,0.00,10,10
8,0,e1,25,25,100,9.56,10,10
9,0,e1,25,25,100,9.56,10,10
9,1,e1,25,25,100,0.00,10,10
10,0,e1,25,25,100,9.56,10,10
10,1,e1,25,25,100,0.00,10,10
11,0,e1,25,25,100,9.56,10,10
12,0,e1,25,25,100,9.56,10,10
13,0,e1,25,25,100,9.56,10,10
14,0,e1,25,25,100,9.56,10,10
14,1,e1,25,25,100,0.00,10,10
15,0,e1,25,25,100,9.56,10,10
16,0,e1,25,25,100,9.56,10,10
17,0,e1,25,25,100,9.56,10,10
17,1,e1,25,25,100,0.00,10,10
18,0,e1,25,25,100,9.56,10,10
18,1,e1,25,25,100,0.00,10,10
19,0,e1,25,25,100,9.56,10,10
20,0,e1,25,25,100,9.56,10,10
21,0,e1,25,25,100,9.56,10,10
21,1,e1,25,25,100,0.00,10,10
22,0,e1,25,25,100,9.56,10,10
23,0,e1,25,25,100,9.56,10,10
23,1,e1,25,25,100,0.00,10,10
24,0,e1,25,25,100,9.56,10,10
24,1,e1,25,25,100,0.00,10,10
25,0,e1,25,25,100,9.56,10,10
26,0,e1,25,25,100,9.56,10,10
27,0,e1,25,25,100,9.56,10,10
28,0,e1,25,25,100,9.56,10,10
28,1,e1,25,25,100,0.00,10,10
29,0,e1,25,25,100,9.56,10,10
30,0,e1,25,25,100,9.56,10,10
31,0,e1,25,25,100,9.56,10,10
31,1,e1,25,25,100,0.00,10,10
32,0,e1,25,25,100,9.56,10,10
32,1,e1,25,25,100,0.00,10,10
33,0,e1,25,25,100,9.56,10,10
34,0,e1,25,25,100,9.56,10,10
35,0,e1,25,25,100,9.56,10,10
35,1,e1,25,25,100,0.00,10,10
36,0,e1,25,25,100,9.56,10,10
37,0,e1,25,25,100,9.56,10,10
37,1,e1,25,25,100,0.00,10,10
38,0,e1,25,25,100,9.56,10,10
38,1,e1,25,25,100,0.00,10,10
39,0,e1,25,25,100,9.56,10,10
40,0,e1,25,25,100,9.56,10,10
41,0,e1,25,25,100,9.56,10,10
42,0,e1,25,25,100,9.56,10,10
42,1,e1,25,25,100,0.00,10,10
43,0,e1,25,25,100,9.56,10,10
44,0,e1,25,25,100,9.56,10,10
45,0,e1,25,25,100,9.56,10,10
45,1,e1,25,25,100,0.00,10,10
46,0,e1,25,25,100,9.56,10,10
47,0,e1,25,25,100,9.56,10,10
47,1,e1,25,25,100,0.00,10,10
48,0,e1,25,25,100,9.56,10,10
49,0,e1,25,25,100,9.56,10,10
49,1,e1,25,25,100,0.00,10,10
50,0,e1,25,25,100,9.56,10,10
51,0,e1,25,25,100,9.56,10,10
51,1,e1,25,25,100,0.00,10,10
52,0,e1,25,25,100,9.56,10,10
53,0,e1,25,25,100,9.56,10,10
53,1,e1,25,25,100,0.00,10,10
54,0,e1,25,25,100,9.56,10,10
55,0,e1,25,25,100,9.56,10,10
56,0,e1,25,25,100,9.56,10,10
56,1,e1,25,25,100,0.00,10,10
57,0,e1,25,25,100,9.56,10,10
58,0,e1,25,25,100,9.56,10,10
59,0,e1,25,25,100,9.56,10,10
60,0,e1,25,25,100,9.56,10,10
60,1,e1,25,25,100,0.00,10,10
61,0,e1,25,25,100,9.56,10,10
61,1,e1,25,25,100,0.00,10,10
62,0,e1,25,25,100,9.56,10,10
63,0,e1,25,25,100,9.56,10,10
63,1,e1,25,25,100,0.00,10,10
64,0,e1,25,25,100,9.56,10,10
65,0,e1,25,25,100,9.56,10,10
65,1,e1,25,25,100,0.00,10,10
66,0,e1,25,25,100,9.56,10,10
67,0,e1,25,25,100,9.56,10,10
67,1,e1,25,25,100,0.00,10,10
68,0,e1,25,25,100,9.56,10,10
69,0,e1,25,25,100,9.56,10,10
70,0,e1,25,25,100,9.56,10,10
70,1,e1,25,25,100,0.00,10,10
71,0,e1,25,25,100,9.56,10,10
72,0,e1,25,25,100,9.56,10,10
73,0,e1,25,25,100,9.56,10,10
74,0,e1,25,25,100,9.56,10,10
74,1,e1,25,25,100,0.00,10,10
75,0,e1,25,25,100,9.56,10,10
75,1,e1,25,25,100,0.00,10,10
76,0,e1,25,25,100,9.56,10,10
77,0,e1,25,25,100,9.56,10,10
77,1,e1,25,25,100,0.00,10,10
78,0,e1,25,25,100,9.56,10,10
79,0,e1,25,25,100,9.56,10,10
80,0,e1,25,25,100,9.56,10,10
80,1,e1,25,25,100,0.00,10,10
81,0,e1,25,25,100,9.56,10,10
81,1,e1,25,25,100,0.00,10,10
82,0,e1,25,25,100,9.56,10,10
83,0,e1,25,25,100,9.56,10,10
84,0,e1,25,25,100,9.56,10,10
84,1,e1,25,25,100,0.00,10,10
85,0,e1,25,25,100,9.56,10,10
86,0,e1,25,25,100,9.56,10,10
87,0,e1,25,25,100,9.56,10,10
88,0,e1,25,25,100,9.56,10,10
88,1,e1,25,25,100,0.00,10,10
89,0,e1,25,25,100,9.56,10,10
89,1,e1,25,25,100,0.00,10,10
90,0,e1,25,25,100,9.56,10,10
91,0,e1,25,25,100,9.56,10,10
91,1,e1,25,25,100,0.00,10,10
92,0,e1,25,25,100,9.56,10,10
93,0,e1,25,25,100,9.56,10,10
94,0,e1,25,25,100,9.56,10,10
94,1,e1,25,25,100,0.00,10,10
95,0,e1,25,25,100,9.56,10,10
95,1,e1,25,25,100,0.00,10,10
96,0,e1,25,25,100,9.56,10,10
97,0,e1,25,25,100,9.56,10,10
98,0,e1,25,25,100,9.56,10,10
98,1,e1,25,25,100,0.00,10,10
99,0,e1,25,25,100,9.56,10,10
100,0,e1,25,25,100,9.56,10,10
101,0,e1,25,25,100,9.56,10,10
102,0,e1,25,25,100,9.56,10,10
102,1,e1,25,25,100,0.00,10,10
103,0,e1,25,25,100,9.56,10,10
103,1,e1,25,25,100,0.00,10,10
104,0,e1,25,25,100,9.56,10,10
105,0,e1,25,25,100,9.56,10,10
106,0,e1,25,25,100,9.56,10,10
106,1,e1,25,25,100,0.00,10,10
107,0,e1,25,25,100,9.56,10,10
108,0,e1,25,25,100,9.56,10,10
108,1,e1,25,25,100,0.00,10,10
109,0,e1,25,25,100,9.56,10,10
109,1,e1,25,25,100,0.00,10,10
110,0,e1,25,25,100,9.56,10,10
111,0,e1,25,25,100,9.56,10,10
112,0,e1,25,25,100,9.56,10,10
113,0,e1,25,25,100,9.56,10,10
113,1,e1,25,25,100,0.00,10,10
114,0,e1,25,25,100,9.56,10,10
115,0,e1,25,25,100,9.56,10,10
116,0,e1,25,25,100,9.56,10,10
116,1,e1,25,25,100,0.00,10,10
117,0,e1,25,25,100,9.56,10,10
117,1,e1,25,25,100,0.00,10,10
118,0,e1,25,25,100,9.56,10,10
119,0,e1,25,25,100,9.56,10,10
120,0,e1,25,25,100,9.56,10,10
120,1,e1,25,25,100,0.00,10,10
121,0,e1,25,25,100,9.56,10,10
122,0,e1,25,25,100,9.56,10,10
122,1,e1,25,25,100,0.00,10,10
123,0,e1,25,25,100,9.56,10,10
123,1,e1,25,25,100,0.00,10,10
124,0,e1,25,25,100,9.56,10,10
125,0,e1,25,25,100,9.56,10,10
126,0,e1,25,25,100,9.56,10,10
127,0,e1,25,25,100,9.56,10,10
127,1,e1,25,25,100,0.00,10,10
128,0,e1,25,25,100,9.56,10,10
129,0,e1,25,25,100,9.56,10,10
130,0,e1,25,25,100,9.56,10,10
130,1,e1,25,25,100,0.00,10,10
131,0,e1,25,25,100,9.56,10,10
131,1,e1,25,25,100,0.00,10,10
132,0,e1,25,25,100,9.56,10,10
133,0,e1,25,25,100,9.56,10,10
134,0,e1,25,25,100,9.56,10,10
134,1,e1,25,25,100,0.00,10,10
135,0,e1,25,25,100,9.56,10,10
136,0,e1,25,25,100,9.56,10,10
136,1,e1,25,25,100,0.00,10,10
137,0,e1,25,25,100,9.56,10,10
137,1,e1,25,25,100,0.00,10,10
138,0,e1,25,25,100,9.56,10,10
139,0,e1,25,25,100,9.56,10,10
140,0,e1,25,25,100,9.56,10,10
141,0,e1,25,25,100,9.56,10,10
141,1,e1,25,25,100,0.00,10,10
142,0,e1,25,25,100,9.56,10,10
143,0,e1,25,25,100,9.56,10,10
144,0,e1,25,25,100,9.56,10,10
144,1,e1,25,25,100,0.00,10,10
145,0,e1,25,25,100,9.56,10,10
146,0,e1,25,25,100,9.56,10,10
146,1,e1,25,25,100,0.00,10,10
147,0,e1,25,25,100,9.56,10,10
148,0,e1,25,25,100,9.56,10,10
148,1,e1,25,25,100,0.00,10,10
149,0,e1,25,25,100,9.56,10,10
150,0,e1,25,25,100,9.56,10,10
150,1,e1,25,25,100,0.00,10,10
151,0,e1,25,25,100,9.56,10,10
152,0,e1,25,25,100,9.56,10,10
152,1,e1,25,25,100,0.00,10,10
153,0,e1,25,25,100,9.56,10,10
154,0,e1,25,25,100,9.56,10,10
155,0,e1,25,25,100,9.56,10,10
155,1,e1,25,25,100,0.00,10,10
156,0,e1,25,25,100,9.56,10,10
157,0,e1,25,25,100,9.56,10,10
158,0,e1,25,25,100,9.56,10,10
159,0,e1,25,25,100,9.56,10,10
159,1,e1,25,25,100,0.00,10,10
160,0,e1,25,25,100,9.56,10,10
160,1,e1,25,25,100,0.00,10,10
161,0,e1,25,25,100,9.56,10,10
162,0,e1,25,25,100,9.56,10,10
162,1,e1,25,25,100,0.00,10,10
163,0,e1,25,25,100,9.56,10,10
164,0,e1,25,25,100,9.56,10,10
164,1,e1,25,25,100,0.00,10,10
165,0,e1,25,25,100,9.56,10,10
166,0,e1,25,25,100,9.56,10,10
166,1,e1,25,25,100,0.00,10,10
167,0,e1,25,25,100,9.56,10,10
168,0,e1,25,25,100,9.56,10,10
169,0,e1,25,25,100,9.56,10,10
169,1,e1,25,25,100,0.00,10,10
170,0,e1,25,25,100,9.56,10,10
171,0,e1,25,25,100,9.56,10,10
172,0,e1,25,25,100,9.56,10,10
173,0,e1,25,25,100,9.56,10,10
173,1,e1,25,25,100,0.00,10,10
174,0,e1,25,25,100,9.56,10,10
174,1,e1,25,25,100,0.00,10,10
175,0,e1,25,25,100,9.56,10,10
176,0,e1,25,25,100,9.56,10,10
176,1,e1,25,25,100,0.00,10,10
177,0,e1,25,25,100,9.56,10,10
178,0,e1,25,25,100,9.56,10,10
179,0,e1,25,25,100,9.56,10,10
179,1,e1,25,25,100,0.00,10,10
180,0,e1,25,25,100,9.56,10,10
180,1,e1,25,25,100,0.00,10,10
181,0,e1,25,25,100,9.56,10,10
182,0,e1,25,25,100,9.56,10,10
183,0,e1,25,25,100,9.56,10,10
183,1,e1,25,25,100,0.00,10,10
184,0,e1,25,25,100,9.56,10,10
185,0,e1,25,25,100,9.56,10,10
186,0,e1,25,25,100,9.56,10,10
187,0,e1,25,25,100,9.56,10,10
187,1,e1,25,25,100,0.00,10,10
188,0,e1,25,25,100,9.56,10,10
188,1,e1,25,25,100,0.00,10,10
189,0,e1,25,25,100,9.56,10,10
190,0,e1,25,25,100,9.56,10,10
190,1,e1,25,25,100,0.00,10,10
191,0,e1,25,25,100,9.56,10,10
192,0,e1,25,25,100,9.56,10,10
193,0,e1,25,25,100,9.56,10,10
193,1,e1,25,25,100,0.00,10,10
194,0,e1,25,25,100,9.56,10,10
194,1,e1,25,25,100,0.00,10,10
195,0,e1,25,25,100,9.56,10,10
196,0,e1,25,25,100,9.56,10,10
197,0,e1,25,25,100,9.56,10,10
197,1,e1,25,25,100,0.00,10,10
198,0,e1,25,25,100,9.56,10,10
199,0,e1,25,25,100,9.56,10,10
200,0,e1,25,25,100,9.56,10,10
201,0,e1,25,25,100,9.56,10,10
201,1,e1,25,25,100,0.00,10,10
202,0,e1,25,25,100,9.56,10,10
202,1,e1,25,25,100,0.00,10,10
203,0,e1,25,25,100,9.56,10,10
204,0,e1,25,25,100,9.56,10,10
205,0,e1,25,25,100,9.56,10,10
205,1,e1,25,25,100,0.00,10,10
206,0,e1,25,25,100,9.56,10,10
207,0,e1,25,25,100,9.56,10,10
207,1,e1,25,25,100,0.00,10,10
208,0,e1,25,25,100,9.56,10,10
208,1,e1,25,25,100,0.00,10,10
209,0,e1,25,25,100,9.56,10,10
210,0,e1,25,25,100,9.56,10,10
211,0,e1,25,25,100,9.56,10,10
212,0,e1,25,25,100,9.56,10,10
212,1,e1,25,25,100,0.00,10,10
213,0,e1,25,25,100,9.56,10,10
214,0,e1,25,25,100,9.56,10,10
215,0,e1,25,25,100,9.56,10,10
215,1,e1,25,25,100,0.00,10,10
216,0,e1,25,25,100,9.56,10,10
216,1,e1,25,25,100,0.00,10,10
217,0,e1,25,25,100,9.56,10,10
218,0,e1,25,25,100,9.56,10,10
0,1,e1,25,25,100,0.00,10,10
0,0,e1,25,25,100,0.00,10,10
0,1,e1,25,25,100,0.00,10,10
0,0,e1,25,25,100,0.00,10,10
1,0,e1,25,25,100,9.56,10,10
1,1,e1,25,25,100,0.00,10,10
1,0,e1,25,25,100,0.00,10,10
1,1,e1,25,25,100,0.00,10,10
1,0,e1,25,25,100,0.00,10,10
2,0,e1,25,25,100,9.56,10,10
2,1,e1,25,25,100,0.00,10,10
2,0,e1,25,25,100,0.00,10,10
2,1,e1,25,25,100,0.00,10,10
2,0,e1,25,25,100,0.00,10,10
3,0,e1,25,25,100,9.56,10,10
3,1,e1,25,25,100,0.00,10,10
4,0,e1,25,25,100,9.56,10,10
4,1,e1,25,25,100,0.00,10,10
5,0,e1,25,25,100,9.56,10,10
5,1,e1,25,25,100,0.00,10,10
6,0,e1,25,25,100,9.56,10,10
7,0,e1,25,25,100,9.56,10,10
7,1,e1,25,25,100,0.00,10,10
8,0,e1,25,25,100,9.56,10,10
9,0,e1,25,25,100,9.56,10,10
9,1,e1,25,25,100,0.00,10,10
10,0,e1,25,25,100,9.56,10,10
10,1,e1,25,25,100,0.00,10,10
11,0,e1,25,25,100,9.56,10,10
12,0,e1,25,25,100,9.56,10,10
13,0,e1,25,25,100,9.56,10,10
14,0,e1,25,25,100,9.56,10,10
14,1,e1,25,25,100,0.00,10,10
15,0,e1,25,25,100,9.56,10,10
16,0,e1,25,25,100,9.56,10,10
17,0,e1,25,25,100,9.56,10,10
17,1,e1,25,25,100,0.00,10,10
18,0,e1,25,25,100,9.56,10,10
18,1,e1,25,25,100,0.00,10,10
19,0,e1,25,25,100,9.56,10,10
20,0,e1,25,25,100,9.56,10,10
21,0,e1,25,25,100,9.56,10,10
21,1,e1,25,25,100,0.00,10,10
22,0,e1,25,25,100,9.56,10,10
23,0,e1,25,25,100,9.56,10,10
23,1,e1,25,25,100,0.00,10,10
24,0,e1,25,25,100,9.56,10,10
24,1,e1,25,25,100,0.00,10,10
25,0,e1,25,25,100,9.56,10,10
26,0,e1,25,25,100,9.56,10,10
27,0,e1,25,25,100,9.56,10,10
28,0,e1,25,25,100,9.56,10,10
28,1,e1,25,25,100,0.00,10,10
29,0,e1,25,25,100,9.56,10,10
30,0,e1,25,25,100,9.56,10,10
31,0,e1,25,25,100,9.56,10,10
31,1,e1,25,25,100,0.00,10,10
32,0,e1,25,25,100,9.56,10,10
32,1,e1,25,25,100,0.00,10,10
33,0,e1,25,25,100,9.56,10,10
34,0,e1,25,25,100,9.56,10,10
35,0,e1,25,25,100,9.56,10,10
35,1,e1,25,25,100,0.00,10,10
36,0,e1,25,25,100,9.56,10,10
37,0,e1,25,25,100,9.56,10,10
37,1,e1,25,25,100,0.00,10,10
38,0,e1,25,25,100,9.56,10,10
38,1,e1,25,25,100,0.00,10,10
39,0,e1,25,25,100,9.56,10,10
40,0,e1,25,25,100,9.56,10,10
41,0,e1,25,25,100,9.56,10,10
42,0,e1,25,25,100,9.56,10,10
42,1,e1,25,25,100,0.00,10,10
43,0,e1,25,25,100,9.56,10,10
44,0,e1,25,25,100,9.56,10,10
45,0,e1,25,25,100,9.56,10,10
45,1,e1,25,25,100,0.00,10,10
46,0,e1,25,25,100,9.56,10,10
47,0,e1,25,25,100,9.56,10,10
47,1,e1,25,25,100,0.00,10,10
48,0,e1,25,25,100,9.56,10,10
49,0,e1,25,25,100,9.56,10,10
49,1,e1,25,25,100,0.00,10,10
50,0,e1,25,25,100,9.56,10,10
51,0,e1,25,25,100,9.56,10,10
51,1,e1,25,25,100,0.00,10,10
52,0,e1,25,25,100,9.56,10,10
53,0,e1,25,25,100,9.56,10,10
53,1,e1,25,25,100,0.00,10,10
54,0,e1,25,25,100,9.56,10,10
55,0,e1,25,25,100,9.56,10,10
56,0,e1,25,25,100,9.56,10,10
56,1,e1,25,25,100,0.00,10,10
57,0,e1,25,25,100,9.56,10,10
58,0,e1,25,25,100,9.56,10,10
59,0,e1,25,25,100,9.56,10,10
60,0,e1,25,25,100,9.56,10,10
60,1,e1,25,25,100,0.00,10,10
61,0,e1,25,25,100,9.56,10,10
61,1,e1,25,25,100,0.00,10,10
62,0,e1,25,25,100,9.56,10,10
63,0,e1,25,25,100,9.56,10,10
63,1,e1,25,25,100,0.00,10,10
64,0,e1,25,25,100,9.56,10,10
65,0,e1,25,25,100,9.56,10,10
65,1,e1,25,25,100,0.00,10,10
66,0,e1,25,25,100,9.56,10,10
67,0,e1,25,25,100,9.56,10,10
67,1,e1,25,25,100,0.00,10,10
68,0,e1,25,25,100,9.56,10,10
69,0,e1,25,25,100,9.56,10,10
70,0,e1,25,25,100,9.56,10,10
70,1,e1,25,25,100,0.00,10,10
71,0,e1,25,25,100,9.56,10,10
72,0,e1,25,25,100,9.56,10,10
73,0,e1,25,25,100,9.56,10,10
74,0,e1,25,25,100,9.56,10,10
74,1,e1,25,25,100,0.00,10,10
75,0,e1,25,25,100,9.56,10,10
75,1,e1,25,25,100,0.00,10,10
76,0,e1,25,25,100,9.56,10,10
77,0,e1,25,25,100,9.56,10,10
77,1,e1,25,25,100,0.00,10,10
78,0,e1,25,25,100,9.56,10,10
79,0,e1,25,25,100,9.56,10,10
80,0,e1,25,25,100,9.56,10,10
80,1,e1,25,25,100,0.00,10,10
81,0,e1,25,25,100,9.56,10,10
81,1,e1,25,25,100,0.00,10,10
82,0,e1,25,25,100,9.56,10,10
83,0,e1,25,25,100,9.56,10,10
84,0,e1,25,25,100,9.56,10,10
84,1,e1,25,25,100,0.00,10,10
85,0,e1,25,25,100,9.56,10,10
86,0,e1,25,25,100,9.56,10,10
87,0,e1,25,25,100,9.56,10,10
88,0,e1,25,25,100,9.56,10,10
88,1,e1,25,25,100,0.00,10,10
89,0,e1,25,25,100,9.56,10,10
89,1,e1,25,25,100,0.00,10,10
90,0,e1,25,25,100,9.56,10,10
91,0,e1,25,25,100,9.56,10,10
91,1,e1,25,25,100,0.00,10,10
92,0,e1,25,25,100,9.56,10,10
93,0,e1,25,25,100,9.56,10,10
94,0,e1,25,25,100,9.56,10,10
94,1,e1,25,25,100,0.00,10,10
95,0,e1,25,25,100,9.56,10,10
95,1,e1,25,25,100,0.00,10,10
96,0,e1,25,25,100,9.56,10,10
97,0,e1,25,25,100,9.56,10,10
98,0,e1,25,25,100,9.56,10,10
98,1,e1,25,25,100,0.00,10,10
99,0,e1,25,25,100,9.56,10,10
100,0,e1,25,25,100,9.56,10,10
101,0,e1,25,25,100,9.56,10,10
102,0,e1,25,25,100,9.56,10,10
102,1,e1,25,25,100,0.00,10,10
103,0,e1,25,25,100,9.56,10,10
103,1,e1,25,25,100,0.00,10,10
104,0,e1,25,25,100,9.56,10,10
105,0,e1,25,25,100,9.56,10,10
106,0,e1,25,25,100,9.56,10,10
106,1,e1,25,25,100,0.00,10,10
107,0,e1,25,25,100,9.56,10,10
108,0,e1,25,25,100,9.56,10,10
108,1,e1,25,25,100,0.00,10,10
109,0,e1,25,25,100,9.56,10,10
109,1,e1,25,25,100,0.00,10,10
110,0,e1,25,25,100,9.56,10,10
111,0,e1,25,25,100,9.56,10,10
112,0,e1,25,25,100,9.56,10,10
113,0,e1,25,25,100,9.56,10,10
113,1,e1,25,25,100,0.00,10,10
114,0,e1,25,25,100,9.56,10,10
115,0,e1,25,25,100,9.56,10,10
116,0,e1,25,25,100,9.56,10,10
116,1,e1,25,25,100,0.00,10,10
117,0,e1,25,25,100,9.56,10,10
117,1,e1,25,25,100,0.00,10,10
118,0,e1,25,25,100,9.56,10,10
119,0,e1,25,25,100,9.56,10,10
120,0,e1,25,25,100,9.56,10,10
120,1,e1,25,25,100,0.00,10,10
121,0,e1,25,25,100,9.56,10,10
122,0,e1,25,25,100,9.56,10,10
122,1,e1,25,25,100,0.00,10,10
123,0,e1,25,25,100,9.56,10,10
123,1,e1,25,25,100,0.00,10,10
124,0,e1,25,25,100,9.56,10,10
125,0,e1,25,25,100,9.56,10,10
126,0,e1,25,25,100,9.56,10,10
127,0,e1,25,25,100,9.56,10,10
127,1,e1,25,25,100,0.00,10,10
128,0,e1,25,25,100,9.56,10,10
129,0,e1,25,25,100,9.56,10,10
130,0,e1,25,25,100,9.56,10,10
130,1,e1,25,25,100,0.00,10,10
131,0,e1,25,25,100,9.56,10,10
131,1,e1,25,25,100,0.00,10,10
132,0,e1,25,25,100,9.56,10,10
133,0,e1,25,25,100,9.56,10,10
134,0,e1,25,25,100,9.56,10,10
134,1,e1,25,25,100,0.00,10,10
135,0,e1,25,25,100,9.56,10,10
136,0,e1,25,25,100,9.56,10,10
136,1,e1,25,25,100,0.00,10,10
137,0,e1,25,25,100,9.56,10,10
137,1,e1,25,25,100,0.00,10,10
138,0,e1,25,25,100,9.56,10,10
139,0,e1,25,25,100,9.56,10,10
140,0,e1,25,25,100,9.56,10,10
141,0,e1,25,25,100,9.56,10,10
141,1,e1,25,25,100,0.00,10,10
142,0,e1,25,25,100,9.56,10,10
143,0,e1,25,25,100,9.56,10,10
144,0,e1,25,25,100,9.56,10,10
144,1,e1,25,25,100,0.00,10,10
145,0,e1,25,25,100,9.56,10,10
146,0,e1,25,25,100,9.56,10,10
146,1,e1,25,25,100,0.00,10,10
147,0,e1,25,25,100,9.56,10,10
148,0,e1,25,25,100,9.56,10,10
148,1,e1,25,25,100,0.00,10,10
149,0,e1,25,25,100,9.56,10,10
150,0,e1,25,25,100,9.56,10,10
150,1,e1,25,25,100,0.00,10,10
151,0,e1,25,25,100,9.56,10,10
152,0,e1,25,25,100,9.56,10,10
152,1,e1,25,25,100,0.00,10,10
153,0,e1,25,25,100,9.56,10,10
154,0,e1,25,25,100,9.56,10,10
155,0,e1,25,25,100,9.56,10,10
155,1,e1,25,25,100,0.00,10,10
156,0,e1,25,25,100,9.56,10,10
157,0,e1,25,25,100,9.56,10,10
158,0,e1,25,25,100,9.56,10,10
159,0,e1,25,25,100,9.56,10,10
159,1,e1,25,25,100,0.00,10,10
160,0,e1,25,25,100,9.56,10,10
160,1,e1,25,25,100,0.00,10,10
161,0,e1,25,25,100,9.56,10,10
162,0,e1,25,25,100,9.56,10,10
162,1,e1,25,25,100,0.00,10,10
163,0,e1,25,25,100,9.56,10,10
164,0,e1,25,25,100,9.56,10,10
164,1,e1,25,25,100,0.00,10,10
165,0,e1,25,25,100,9.56,10,10
166,0,e1,25,25,100,9.56,10,10
166,1,e1,25,25,100,0.00,10,10
167,0,e1,25,25,100,9.56,10,10
168,0,e1,25,25,100,9.56,10,10
169,0,e1,25,25,100,9.56,10,10
169,1,e1,25,25,100,0.00,10,10
170,0,e1,25,25,100,9.56,10,10
171,0,e1,25,25,100,9.56,10,10
172,0,e1,25,25,100,9.56,10,10
173,0,e1,25,25,100,9.56,10,10
173,1,e1,25,25,100,0.00,10,10
174,0,e1,25,25,100,9.56,10,10
174,1,e1,25,25,100,0.00,10,10
175,0,e1,25,25,100,9.56,10,10
176,0,e1,25,25,100,9.56,10,10
176,1,e1,25,25,100,0.00,10,10
177,0,e1,25,25,100,9.56,10,10
178,0,e1,25,25,100,9.56,10,10
179,0,e1,25,25,100,9.56,10,10
179,1,e1,25,25,100,0.00,10,10
180,0,e1,25,25,100,9.56,10,10
180,1,e1,25,25,100,0.00,10,10
181,0,e1,25,25,100,9.56,10,10
182,0,e1,25,25,100,9.56,10,10
183,0,e1,25,25,100,9.56,10,10
183,1,e1,25,25,100,0.00,10,10
184,0,e1,25,25,100,9.56,10,10
185,0,e1,25,25,100,9.56,10,10
186,0,e1,25,25,100,9.56,10,10
187,0,e1,25,25,100,9.56,10,10
187,1,e1,25,25,100,0.00,10,10
188,0,e1,25,25,100,9.56,10,10
188,1,e1,25,25,100,0.00,10,10
189,0,e1,25,25,100,9.56,10,10
190,0,e1,25,25,100,9.56,10,10
190,1,e1,25,25,100,0.00,10,10
191,0,e1,25,25,100,9.56,10,10
192,0,e1,25,25,100,9.56,10,10
193,0,e1,25,25,100,9.56,10,10
193,1,e1,25,25,100,0.00,10,10
194,0,e1,25,25,100,9.56,10,10
194,1,e1,25,25,100,0.00,10,10
195,0,e1,25,25,100,9.56,10,10
196,0,e1,25,25,100,9.56,10,10
197,0,e1,25,25,100,9.56,10,10
197,1,e1,25,25,100,0.00,10,10
198,0,e1,25,25,100,9.56,10,10
199,0,e1,25,25,100,9.56,10,10
200,0,e1,25,25,100,9.56,10,10
201,0,e1,25,25,100,9.56,10,10
201,1,e1,25,25,100,0.00,10,10
202,0,e1,25,25,100,9.56,10,10
202,1,e1,25,25,100,0.00,10,10
203,0,e1,25,25,100,9.56,10,10
204,0,e1,25,25,100,9.56,10,10
205,0,e1,25,25,100,9.56,10,10
205,1,e1,25,25,100,0.00,10,10
206,0,e1,25,25,100,9.56,10,10
207,0,e1,25,25,100,9.56,10,10
207,1,e1,25,25,100,0.00,10,10
208,0,e1,25,25,100,9.56,10,10
208,1,e1,25,25,100,0.00,10,10
209,0,e1,25,25,100,9.56,10,10
210,0,e1,25,25,100,9.56,10,10
211,0,e1,25,25,100,9.56,10,10
212,0,e1,25,25,100,9.56,10,10
0,1,e1,25,25,100,0.00,10,10
0,0,e1,25,25,100,0.00,10,10
0,1,e1,25,25,100,0.00,10,10
0,0,e1,25,25,100,0.00,10,10
1,0,e1,25,25,100,9.56,10,10
1,1,e1,25,25,100,0.00,10,10
1,0,e1,25,25,100,0.00,10,10
1,1,e1,25,25,100,0.00,10,10
1,0,e1,25,25,100,0.00,10,10
2,0,e1,25,25,100,9.56,10,10
2,1,e1,25,25,100,0.00,10,10
2,0,e1,25,25,100,0.00,10,10
2,1,e1,25,25,100,0.00,10,10
2,0,e1,25,25,100,0.00,10,10
3,0,e1,25,25,100,9.56,10,10
3,1,e1,25,25,100,0.00,10,10
4,0,e1,25,25,100,9.56,10,10
4,1,e1,25,25,100,0.00,10,10
5,0,e1,25,25,100,9.56,10,10
5,1,e1,25,25,100,0.00,10,10
6,0,e1,25,25,100,9.56,10,10
7,0,e1,25,25,100,9.56,10,10
7,1,e1,25,25,100,0.00,10,10
8,0,e1,25,25,100,9.56,10,10
9,0,e1,25,25,100,9.56,10,10
9,1,e1,25,25,100,0.00,10,10
10,0,e1,25,25,100,9.56,10,10
10,1,e1,25,25,100,0.00,10,10
11,0,e1,25,25,100,9.56,10,10
12,0,e1,25,25,100,9.56,10,10
13,0,e1,25,25,100,9.56,10,10
14,0,e1,25,25,100,9.56,10,10
14,1,e1,25,25,100,0.00,10,10
15,0,e1,25,25,100,9.56,10,10
16,0,e1,25,25,100,9.56,10,10
17,0,e1,25,25,100,9.56,10,10
17,1,e1,25,25,100,0.00,10,10
18,0,e1,25,25,100,9.56,10,10
18,1,e1,25,25,100,0.00,10,10
19,0,e1,25,25,100,9.56,10,10
20,0,e1,25,25,100,9.56,10,10
21,0,e1,25,25,100,9.56,10,10
21,1,e1,25,25,100,0.00,10,10
22,0,e1,25,25,100,9.56,10,10
23,0,e1,25,25,100,9.56,10,10
23,1,e1,25,25,100,0.00,10,10
24,0,e1,25,25,100,9.56,10,10
24,1,e1,25,25,100,0.00,10,10
25,0,e1,25,25,100,9.56,10,10
26,0,e1,25,25,100,9.56,10,10
27,0,e1,25,25,100,9.56,10,10
28,0,e1,25,25,100,9.56,10,10
28,1,e1,25,25,100,0.00,10,10
29,0,e1,25,25,100,9.56,10,10
30,0,e1,25,25,100,9.56,10,10
31,0,e1,25,25,100,9.56,10,10
31,1,e1,25,25,100,0.00,10,10
32,0,e1,25,25,100,9.56,10,10
32,1,e1,25,25,100,0.00,10,10
33,0,e1,25,25,100,9.56,10,10
34,0,e1,25,25,100,9.56,10,10
35,0,e1,25,25,100,9.56,10,10
35,1,e1,25,25,100,0.00,10,10
36,0,e1,25,25,100,9.56,10,10
37,0,e1,25,25,100,9.56,10,10
37,1,e1,25,25,100,0.00,10,10
38,0,e1,25,25,100,9.56,10,10
38,1,e1,25,25,100,0.00,10,10
39,0,e1,25,25,100,9.56,10,10
40,0,e1,25,25,100,9.56,10,10
41,0,e1,25,25,100,9.56,10,10
42,0,e1,25,25,100,9.56,10,10
42,1,e1,25,25,100,0.00,10,10
43,0,e1,25,25,100,9.56,10,10
44,0,e1,25,25,100,9.56,10,10
45,0,e1,25,25,100,9.56,10,10
45,1,e1,25,25,100,0.00,10,10
46,0,e1,25,25,100,9.56,10,10
47,0,e1,25,25,100,9.56,10,10
47,1,e1,25,25,100,0.00,10,10
48,0,e1,25,25,100,9.56,10,10
49,0,e1,25,25,100,9.56,10,10
49,1,e1,25,25,100,0.00,10,10
50,0,e1,25,25,100,9.56,10,10
51,0,e1,25,25,100,9.56,10,10
51,1,e1,25,25,100,0.00,10,10
52,0,e1,25,25,100,9.56,10,10
53,0,e1,25,25,100,9.56,10,10
53,1,e1,25,25,100,0.00,10,10
54,0,e1,25,25,100,9.56,10,10
55,0,e1,25,25,100,9.56,10,10
56,0,e1,25,25,100,9.56,10,10
56,1,e1,25,25,100,0.00,10,10
57,0,e1,25,25,100,9.56,10,10
58,0,e1,25,25,100,9.56,10,10
59,0,e1,25,25,100,9.56,10,10
60,0,e1,25,25,100,9.56,10,10
60,1,e1,25,25,100,0.00,10,10
61,0,e1,25,25,100,9.56,10,10
61,1,e1,25,25,100,0.00,10,10
62,0,e1,25,25,100,9.56,10,10
63,0,e1,25,25,100,9.56,10,10
63,1,e1,25,25,100,0.00,10,10
64,0,e1,25,25,100,9.56,10,10
65,0,e1,25,25,100,9.56,10,10
65,1,e1,25,25,100,0.00,10,10
66,0,e1,25,25,100,9.56,10,10
67,0,e1,25,25,100,9.56,10,10
67,1,e1,25,25,100,0.00,10,10
68,0,e1,25,25,100,9.56,10,10
69,0,e1,25,25,100,9.56,10,10
70,0,e1,25,25,100,9.56,10,10
70,1,e1,25,25,100,0.00,10,10
71,0,e1,25,25,100,9.56,10,10
72,0,e1,25,25,100,9.56,10,10
73,0,e1,25,25,100,9.56,10,10
74,0,e1,25,25,100,9.56,10,10
74,1,e1,25,25,100,0.00,10,10
75,0,e1,25,25,100,9.56,10,10
75,1,e1,25,25,100,0.00,10,10
76,0,e1,25,25,100,9.56,10,10
77,0,e1,25,25,100,9.56,10,10
77,1,e1,25,25,100,0.00,10,10
78,0,e1,25,25,100,9.56,10,10
79,0,e1,25,25,100,9.56,10,10
80,0,e1,25,25,100,9.56,10,10
80,1,e1,25,25,100,0.00,10,10
81,0,e1,25,25,100,9.56,10,10
81,1,e1,25,25,100,0.00,10,10
82,0,e1,25,25,100,9.56,10,10
83,0,e1,25,25,100,9.56,10,10
84,0,e1,25,25,100,9.56,10,10
84,1,e1,25,25,100,0.00,10,10
85,0,e1,25,25,100,9.56,10,10
86,0,e1,25,25,100,9.56,10,10
87,0,e1,25,25,100,9.56,10,10
88,0,e1,25,25,100,9.56,10,10
88,1,e1,25,25,100,0.00,10,10
89,0,e1,25,25,100,9.56,10,10
89,1,e1,25,25,100,0.00,10,10
90,0,e1,25,25,100,9.56,10,10
91,0,e1,25,25,100,9.56,10,10
91,1,e1,25,25,100,0.00,10,10
92,0,e1,25,25,100,9.56,10,10
93,0,e1,25,25,100,9.56,10,10
94,0,e1,25,25,100,9.56,10,10
94,1,e1,25,25,100,0.00,10,10
95,0,e1,25,25,100,9.56,10,10
95,1,e1,25,25,100,0.00,10,10
96,0,e1,25,25,100,9.56,10,10
97,0,e1,25,25,100,9.56,10,10
98,0,e1,25,25,100,9.56,10,10
98,1,e1,25,25,100,0.00,10,10
99,0,e1,25,25,100,9.56,10,10
100,0,e1,25,25,100,9.56,10,10
101,0,e1,25,25,100,9.56,10,10
102,0,e1,25,25,100,9.56,10,10
102,1,e1,25,25,100,0.00,10,10
103,0,e1,25,25,100,9.56,10,10
103,1,e1,25,25,100,0.00,10,10
104,0,e1,25,25,100,9.56,10,10
105,0,e1,25,25,100,9.56,10,10
106,0,e1,25,25,100,9.56,10,10
106,1,e1,25,25,100,0.00,10,10
107,0,e1,25,25,100,9.56,10,10
108,0,e1,25,25,100,9.56,10,10
108,1,e1,25,25,100,0.00,10,10
109,0,e1,25,25,100,9.56,10,10
109,1,e1,25,25,100,0.00,10,10
110,0,e1,25,25,100,9.56,10,10
111,0,e1,25,25,100,9.56,10,10
112,0,e1,25,25,100,9.56,10,10
113,0,e1,25,25,100,9.56,10,10
113,1,e1,25,25,100,0.00,10,10
114,0,e1,25,25,100,9.56,10,10
115,0,e1,25,25,100,9.56,10,10
116,0,e1,25,25,100,9.56,10,10
116,1,e1,25,25,100,0.00,10,10
117,0,e1,25,25,100,9.56,10,10
117,1,e1,25,25,100,0.00,10,10
118,0,e1,25,25,100,9.56,10,10
119,0,e1,25,25,100,9.56,10,10
120,0,e1,25,25,100,9.56,10,10
120,1,e1,25,25,100,0.00,10,10
121,0,e1,25,25,100,9.56,10,10
122,0,e1,25,25,100,9.56,10,10
122,1,e1,25,25,100,0.00,10,10
123,0,e1,25,25,100,9.56,10,10
123,1,e1,25,25,100,0.00,10,10
124,0,e1,25,25,100,9.56,10,10
125,0,e1,25,25,100,9.56,10,10
126,0,e1,25,25,100,9.56,10,10
127,0,e1,25,25,100,9.56,10,10
127,1,e1,25,25,100,0.00,10,10
128,0,e1,25,25,100,9.56,10,10
129,0,e1,25,25,100,9.56,10,10
130,0,e1,25,25,100,9.56,10,10
130,1,e1,25,25,100,0.00,10,10
131,0,e1,25,25,100,9.56,10,10
131,1,e1,25,25,100,0.00,10,10
132,0,e1,25,25,100,9.56,10,10
133,0,e1,25,25,100,9.56,10,10
134,0,e1,25,25,100,9.56,10,10
134,1,e1,25,25,100,0.00,10,10
135,0,e1,25,25,100,9.56,10,10
136,0,e1,25,25,100,9.56,10,10
136,1,e1,25,25,100,0.00,10,10
137,0,e1,25,25,100,9.56,10,10
137,1,e1,25,25,100,0.00,10,10
138,0,e1,25,25,100,9.56,10,10
139,0,e1,25,25,100,9.56,10,10
140,0,e1,25,25,100,9.56,10,10
141,0,e1,25,25,100,9.56,10,10
141,1,e1,25,25,100,0.00,10,10
142,0,e1,25,25,100,9.56,10,10
143,0,e1,25,25,100,9.56,10,10
144,0,e1,25,25,100,9.56,10,10
144,1,e1,25,25,100,0.00,10,10
145,0,e1,25,25,100,9.56,10,10
146,0,e1,25,25,100,9.56,10,10
146,1,e1,25,25,100,0.00,10,10
147,0,e1,25,25,100,9.56,10,10
148,0,e1,25,25,100,9.56,10,10
148,1,e1,25,25,100,0.00,10,10
149,0,e1,25,25,100,9.56,10,10
150,0,e1,25,25,100,9.56,10,10
150,1,e1,25,25,100,0.00,10,10
151,0,e1,25,25,100,9.56,10,10
152,0,e1,25,25,100,9.56,10,10
152,1,e1,25,25,100,0.00,10,10
153,0,e1,25,25,100,9.56,10,10
154,0,e1,25,25,100,9.56,10,10
155,0,e1,25,25,100,9.56,10,10
155,1,e1,25,25,100,0.00,10,10
156,0,e1,25,25,100,9.56,10,10
157,0,e1,25,25,100,9.56,10,10
158,0,e1,25,25,100,9.56,10,10
159,0,e1,25,25,100,9.56,10,10
159,1,e1,25,25,100,0.00,10,10
160,0,e1,25,25,100,9.56,10,10
160,1,e1,25,25,100,0.00,10,10
161,0,e1,25,25,100,9.56,10,10
162,0,e1,25,25,100,9.56,10,10
162,1,e1,25,25,100,0.00,10,10
163,0,e1,25,25,100,9.56,10,10
164,0,e1,25,25,100,9.56,10,10
164,1,e1,25,25,100,0.00,10,10
165,0,e1,25,25,100,9.56,10,10
166,0,e1,25,25,100,9.56,10,10
166,1,e1,25,25,100,0.00,10,10
167,0,e1,25,25,100,9.56,10,10
168,0,e1,25,25,100,9.56,10,10
169,0,e1,25,25,100,9.56,10,10
169,1,e1,25,25,100,0.00,10,10
170,0,e1,25,25,100,9.56,10,10
171,0,e1,25,25,100,9.56,10,10
172,0,e1,25,25,100,9.56,10,10
173,0,e1,25,25,100,9.56,10,10
173,1,e1,25,25,100,0.00,10,10
174,0,e1,25,25,100,9.56,10,10
174,1,e1,25,25,100,0.00,10,10
175,0,e1,25,25,100,9.56,10,10
176,0,e1,25,25,100,9.56,10,10
176,1,e1,25,25,100,0.00,10,10
177,0,e1,25,25,100,9.56,10,10
178,0,e1,25,25,100,9.56,10,10
179,0,e1,25,25,100,9.56,10,10
179,1,e1,25,25,100,0.00,10,10
180,0,e1,25,25,100,9.56,10,10
180,1,e1,25,25,100,0.00,10,10
181,0,e1,25,25,100,9.56,10,10
182,0,e1,25,25,100,9.56,10,10
183,0,e1,25,25,100,9.56,10,10
183,1,e1,25,25,100,0.00,10,10
184,0,e1,25,25,100,9.56,10,10
185,0,e1,25,25,100,9.56,10,10
186,0,e1,25,25,100,9.56,10,10
187,0,e1,25,25,100,9.56,10,10
187,1,e1,25,25,100,0.00,10,10
188,0,e1,25,25,100,9.56,10,10
188,1,e1,25,25,100,0.00,10,10
189,0,e1,25,25,100,9.56,10,10
190,0,e1,25,25,100,9.56,10,10
190,1,e1,25,25,100,0.00,10,10
191,0,e1,25,25,100,9.56,10,10
192,0,e1,25,25,100,9.56,10,10
193,0,e1,25,25,100,9.56,10,10
193,1,e1,25,25,100,0.00,10,10
194,0,e1,25,25,100,9.56,10,10
194,1,e1,25,25,100,0.00,10,10
195,0,e1,25,25,100,9.56,10,10
196,0,e1,25,25,100,9.56,10,10
197,0,e1,25,25,100,9.56,10,10
197,1,e1,25,25,100,0.00,10,10
198,0,e1,25,25,100,9.56,10,10
199,0,e1,25,25,100,9.56,10,10
200,0,e1,25,25,100,9.56,10,10
201,0,e1,25,25,100,9.56,10,10
201,1,e1,25,25,100,0.00,10,10
202,0,e1,25,25,100,9.56,10,10
202,1,e1,25,25,100,0.00,10,10
203,0,e1,25,25,100,9.56,10,10
204,0,e1,25,25,100,9.56,10,10
205,0,e1,25,25,100,9.56,10,10
205,1,e1,25,25,100,0.00,10,10
206,0,e1,25,25,100,9.56,10,10
207,0,e1,25,25,100,9.56,10,10
207,1,e1,25,25,100,0.00,10,10
208,0,e1,25,25,100,9.56,10,10
208,1,e1,25,25,100,0.00,10,10
209,0,e1,25,25,100,9.56,10,10
210,0,e1,25,25,100,9.56,10,10
211,0,e1,25,25,100,9.56,10,10
212,0,e1,25,25,100,9.56,10,10
212,1,e1,25,25,100,0.00,10,10
213,0,e1,25,25,100,9.56,10,10
214,0,e1,25,25,100,9.56,10,10
215,0,e1,25,25,100,9.56,10,10
215,1,e1,25,25,100,0.00,10,10
216,0,e1,25,25,100,9.56,10,10
216,1,e1,25,25,100,0.00,10,10
217,0,e1,25,25,100,9.56,10,10
218,0,e1,25,25,100,9.56,10,10
219,0,e1,25,25,100,9.56,10,10
219,1,e1,25,25,100,0.00,10,10
220,0,e1,25,25,100,9.56,10,10
221,0,e1,25,25,100,9.56,10,10
221,1,e1,25,25,100,0.00,10,10
222,0,e1,25,25,100,9.56,10,10
222,1,e1,25,25,100,0.00,10,10
223,0,e1,25,25,100,9.56,10,10
224,0,e1,25,25,100,9.56,10,10
225,0,e1,25,25,100,9.56,10,10
226,0,e1,25,25,100,9.56,10,10
226,1,e1,25,25,100,0.00,10,10
227,0,e1,25,25,100,9.56,10,10
228,0,e1,25,25,100,9.56,10,10
229,0,e1,25,25,100,9.56,10,10
229,1,e1,25,25,100,0.00,10,10
230,0,e1,25,25,100,9.56,10,10
230,1,e1,25,25,100,0.00,10,10
231,0,e1,25,25,100,9.56,10,10
232,0,e1,25,25,100,9.56,10,10
233,0,e1,25,25,100,9.56,10,10
233,1,e1,25,25,100,0.00,10,10
234,0,e1,25,25,100,9.56,10,10
235,0,e1,25,25,100,9.56,10,10
235,1,e1,25,25,100,0.00,10,10
236,0,e1,25,25,100,9.56,10,10
236,1,e1,25,25,100,0.00,10,10
237,0,e1,25,25,100,9.56,10,10
238,0,e1,25,25,100,9.56,10,10
239,0,e1,25,25,100,9.56,10,10
240,0,e1,25,25,100,9.56,10,10
240,1,e1,25,25,100,0.00,10,10
241,0,e1,25,25,100,9.56,10,10
242,0,e1,25,25,100,9.56,10,10
243,0,e1,25,25,100,9.56,10,10
243,1,e1,25,25,100,0.00,10,10
244,0,e1,25,25,100,9.56,10,10
245,0,e1,25,25,100,9.56,10,10
245,1,e1,25,25,100,0.00,10,10
246,0,e1,25,25,100,9.56,10,10
247,0,e1,25,25,100,9.56,10,10
247,1,e1,25,25,100,0.00,10,10
248,0,e1,25,25,100,9.56,10,10
249,0,e1,25,25,100,9.56,10,10
249,1,e1,25,25,100,0.00,10,10
250,0,e1,25,25,100,9.56,10,10
251,0,e1,25,25,100,9.56,10,10
251,1,e1,25,25,100,0.00,10,10
252,0,e1,25,25,100,9.56,10,10
253,0,e1,25,25,100,9.56,10,10
254,0,e1,25,25,100,9.56,10,10
254,1,e1,25,25,100,0.00,10,10
255,0,e1,25,25,100,9.56,10,10
256,0,e1,25,25,100,9.56,10,10
257,0,e1,25,25,100,9.56,10,10
258,0,e1,25,25,100,9.56,10,10
258,1,e1,25,25,100,0.00,10,10
259,0,e1,25,25,100,9.56,10,10
259,1,e1,25,25,100,0.00,10,10
260,0,e1,25,25,100,9.56,10,10
261,0,e1,25,25,100,9.56,10,10
261,1,e1,25,25,100,0.00,10,10
262,0,e1,25,25,100,9.56,10,10
263,0,e1,25,25,100,9.56,10,10
263,1,e1,25,25,100,0.00,10,10
264,0,e1,25,25,100,9.56,10,10
265,0,e1,25,25,100,9.56,10,10
265,1,e1,25,25,100,0.00,10,10
266,0,e1,25,25,100,9.56,10,10
0,1,e1,25,25,100,0.00,10,10
0,0,e1,25,25,100,0.00,10,10
0,1,e1,25,25,100,0.00,10,10
0,0,e1,25,25,100,0.00,10,10
1,0,e1,25,25,100,9.56,10,10
1,1,e1,25,25,100,0.00,10,10
1,0,e1,25,25,100,0.00,10,10
1,1,e1,25,25,100,0.00,10,10
1,0,e1,25,25,100,0.00,10,10
2,0,e1,25,25,100,9.56,10,10
2,1,e1,25,25,100,0.00,10,10
2,0,e1,25,25,100,0.00,10,10
2,1,e1,25,25,100,0.00,10,10
2,0,e1,25,25,100,0.00,10,10
3,0,e1,25,25,100,9.56,10,10
3,1,e1,25,25,100,0.00,10,10
4,0,e1,25,25,100,9.56,10,10
4,1,e1,25,25,100,0.00,10,10
5,0,e1,25,25,100,9.56,10,10
5,1,e1,25,25,100,0.00,10,10
6,0,e1,25,25,100,9.56,10,10
7,0,e1,25,25,100,9.56,10,10
7,1,e1,25,25,100,0.00,10,10
8,0,e1,25,25,100,9.56,10,10
9,0,e1,25,25,100,9.56,10,10
9,1,e1,25,25,100,0.00,10,10
10,0,e1,25,25,100,9.56,10,10
10,1,e1,25,25,100,0.00,10,10
11,0,e1,25,25,100,9.56,10,10
12,0,e1,25,25,100,9.56,10,10
13,0,e1,25,25,100,9.56,10,10
14,0,e1,25,25,100,9.56,10,10
14,1,e1,25,25,100,0.00,10,10
15,0,e1,25,25,100,9.56,10,10
16,0,e1,25,25,100,9.56,10,10
17,0,e1,25,25,100,9.56,10,10
17,1,e1,25,25,100,0.00,10,10
18,0,e1,25,25,100,9.56,10,10
18,1,e1,25,25,100,0.00,10,10
19,0,e1,25,25,100,9.56,10,10
20,0,e1,25,25,100,9.56,10,10
21,0,e1,25,25,100,9.56,10,10
21,1,e1,25,25,100,0.00,10,10
22,0,e1,25,25,100,9.56,10,10
23,0,e1,25,25,100,9.56,10,10
23,1,e1,25,25,100,0.00,10,10
24,0,e1,25,25,100,9.56,10,10
24,1,e1,25,25,100,0.00,10,10
25,0,e1,25,25,100,9.56,10,10
26,0,e1,25,25,100,9.56,10,10
27,0,e1,25,25,100,9.56,10,10
28,0,e1,25,25,100,9.56,10,10
28,1,e1,25,25,100,0.00,10,10
29,0,e1,25,25,100,9.56,10,10
30,0,e1,25,25,100,9.56,10,10
31,0,e1,25,25,100,9.56,10,10
31,1,e1,25,25,100,0.00,10,10
32,0,e1,25,25,100,9.56,10,10
32,1,e1,25,25,100,0.00,10,10
33,0,e1,25,25,100,9.56,10,10
34,0,e1,25,25,100,9.56,10,10
35,0,e1,25,25,100,9.56,10,10
35,1,e1,25,25,100,0.00,10,10
36,0,e1,25,25,100,9.56,10,10
37,0,e1,25,25,100,9.56,10,10
37,1,e1,25,25,100,0.00,10,10
38,0,e1,25,25,100,9.56,10,10
38,1,e1,25,25,100,0.00,10,10
39,0,e1,25,25,100,9.56,10,10
40,0,e1,25,25,100,9.56,10,10
41,0,e1,25,25,100,9.56,10,10
42,0,e1,25,25,100,9.56,10,10
42,1,e1,25,25,100,0.00,10,10
43,0,e1,25,25,100,9.56,10,10
44,0,e1,25,25,100,9.56,10,10
45,0,e1,25,25,100,9.56,10,10
45,1,e1,25,25,100,0.00,10,10
46,0,e1,25,25,100,9.56,10,10
47,0,e1,25,25,100,9.56,10,10
47,1,e1,25,25,100,0.00,10,10
48,0,e1,25,25,100,9.56,10,10
49,0,e1,25,25,100,9.56,10,10
49,1,e1,25,25,100,0.00,10,10
50,0,e1,25,25,100,9.56,10,10
51,0,e1,25,25,100,9.56,10,10
51,1,e1,25,25,100,0.00,10,10
52,0,e1,25,25,100,9.56,10,10
53,0,e1,25,25,100,9.56,10,10
53,1,e1,25,25,100,0.00,10,10
54,0,e1,25,25,100,9.56,10,10
55,0,e1,25,25,100,9.56,10,10
56,0,e1,25,25,100,9.56,10,10
56,1,e1,25,25,100,0.00,10,10
57,0,e1,25,25,100,9.56,10,10
58,0,e1,25,25,100,9.56,10,10
59,0,e1,25,25,100,9.56,10,10
60,0,e1,25,25,100,9.56,10,10
60,1,e1,25,25,100,0.00,10,10
61,0,e1,25,25,100,9.56,10,10
61,1,e1,25,25,100,0.00,10,10
62,0,e1,25,25,100,9.56,10,10
63,0,e1,25,25,100,9.56,10,10
63,1,e1,25,25,100,0.00,10,10
64,0,e1,25,25,100,9.56,10,10
65,0,e1,25,25,100,9.56,10,10
65,1,e1,25,25,100,0.00,10,10
66,0,e1,25,25,100,9.56,10,10
67,0,e1,25,25,100,9.56,10,10
67,1,e1,25,25,100,0.00,10,10
68,0,e1,25,25,100,9.56,10,10
69,0,e1,25,25,100,9.56,10,10
70,0,e1,25,25,100,9.56,10,10
70,1,e1,25,25,100,0.00,10,10
71,0,e1,25,25,100,9.56,10,10
72,0,e1,25,25,100,9.56,10,10
73,0,e1,25,25,100,9.56,10,10
74,0,e1,25,25,100,9.56,10,10
74,1,e1,25,25,100,0.00,10,10
75,0,e1,25,25,100,9.56,10,10
75,1,e1,25,25,100,0.00,10,10
76,0,e1,25,25,100,9.56,10,10
77,0,e1,25,25,100,9.56,10,10
77,1,e1,25,25,100,0.00,10,10
78,0,e1,25,25,100,9.56,10,10
79,0,e1,25,25,100,9.56,10,10
80,0,e1,25,25,100,9.56,10,10
80,1,e1,25,25,100,0.00,10,10
81,0,e1,25,25,100,9.56,10,10
81,1,e1,25,25,100,0.00,10,10
82,0,e1,25,25,100,9.56,10,10
83,0,e1,25,25,100,9.56,10,10
84,0,e1,25,25,100,9.56,10,10
84,1,e1,25,25,100,0.00,10,10
85,0,e1,25,25,100,9.56,10,10
86,0,e1,25,25,100,9.56,10,10
87,0,e1,25,25,100,9.56,10,10
88,0,e1,25,25,100,9.56,10,10
88,1,e1,25,25,100,0.00,10,10
89,0,e1,25,25,100,9.56,10,10
89,1,e1,25,25,100,0.00,10,10
90,0,e1,25,25,100,9.56,10,10
91,0,e1,25,25,100,9.56,10,10
91,1,e1,25,25,100,0.00,10,10
92,0,e1,25,25,100,9.56,10,10
93,0,e1,25,25,100,9.56,10,10
94,0,e1,25,25,100,9.56,10,10
94,1,e1,25,25,100,0.00,10,10
95,0,e1,25,25,100,9.56,10,10
95,1,e1,25,25,100,0.00,10,10
96,0,e1,25,25,100,9.56,10,10
97,0,e1,25,25,100,9.56,10,10
98,0,e1,25,25,100,9.56,10,10
98,1,e1,25,25,100,0.00,10,10
99,0,e1,25,25,100,9.56,10,10
100,0,e1,25,25,100,9.56,10,10
101,0,e1,25,25,100,9.56,10,10
102,0,e1,25,25,100,9.56,10,10
102,1,e1,25,25,100,0.00,10,10
103,0,e1,25,25,100,9.56,10,10
103,1,e1,25,25,100,0.00,10,10
104,0,e1,25,25,100,9.56,10,10
105,0,e1,25,25,100,9.56,10,10
106,0,e1,25,25,100,9.56,10,10
106,1,e1,25,25,100,0.00,10,10
107,0,e1,25,25,100,9.56,10,10
108,0,e1,25,25,100,9.56,10,10
108,1,e1,25,25,100,0.00,10,10
109,0,e1,25,25,100,9.56,10,10
109,1,e1,25,25,100,0.00,10,10
110,0,e1,25,25,100,9.56,10,10
111,0,e1,25,25,100,9.56,10,10
112,0,e1,25,25,100,9.56,10,10
113,0,e1,25,25,100,9.56,10,10
113,1,e1,25,25,100,0.00,10,10
114,0,e1,25,25,100,9.56,10,10
115,0,e1,25,25,100,9.56,10,10
116,0,e1,25,25,100,9.56,10,10
116,1,e1,25,25,100,0.00,10,10
117,0,e1,25,25,100,9.56,10,10
117,1,e1,25,25,100,0.00,10,10
118,0,e1,25,25,100,9.56,10,10
119,0,e1,25,25,100,9.56,10,10
120,0,e1,25,25,100,9.56,10,10
120,1,e1,25,25,100,0.00,10,10
121,0,e1,25,25,100,9.56,10,10
122,0,e1,25,25,100,9.56,10,10
122,1,e1,25,25,100,0.00,10,10
123,0,e1,25,25,100,9.56,10,10
123,1,e1,25,25,100,0.00,10,10
124,0,e1,25,25,100,9.56,10,10
125,0,e1,25,25,100,9.56,10,10
126,0,e1,25,25,100,9.56,10,10
127,0,e1,25,25,100,9.56,10,10
127,1,e1,25,25,100,0.00,10,10
128,0,e1,25,25,100,9.56,10,10
129,0,e1,25,25,100,9.56,10,10
130,0,e1,25,25,100,9.56,10,10
130,1,e1,25,25,100,0.00,10,10
131,0,e1,25,25,100,9.56,10,10
131,1,e1,25,25,100,0.00,10,10
132,0,e1,25,25,100,9.56,10,10
133,0,e1,25,25,100,9.56,10,10
134,0,e1,25,25,100,9.56,10,10
134,1,e1,25,25,100,0.00,10,10
135,0,e1,25,25,100,9.56,10,10
136,0,e1,25,25,100,9.56,10,10
136,1,e1,25,25,100,0.00,10,10
137,0,e1,25,25,100,9.56,10,10
137,1,e1,25,25,100,0.00,10,10
138,0,e1,25,25,100,9.56,10,10
139,0,e1,25,25,100,9.56,10,10
140,0,e1,25,25,100,9.56,10,10
141,0,e1,25,25,100,9.56,10,10
141,1,e1,25,25,100,0.00,10,10
142,0,e1,25,25,100,9.56,10,10
143,0,e1,25,25,100,9.56,10,10
144,0,e1,25,25,100,9.56,10,10
144,1,e1,25,25,100,0.00,10,10
145,0,e1,25,25,100,9.56,10,10
146,0,e1,25,25,100,9.56,10,10
146,1,e1,25,25,100,0.00,10,10
147,0,e1,25,25,100,9.56,10,10
148,0,e1,25,25,100,9.56,10,10
148,1,e1,25,25,100,0.00,10,10
149,0,e1,25,25,100,9.56,10,10
150,0,e1,25,25,100,9.56,10,10
150,1,e1,25,25,100,0.00,10,10
151,0,e1,25,25,100,9.56,10,10
152,0,e1,25,25,100,9.56,10,10
152,1,e1,25,25,100,0.00,10,10
153,0,e1,25,25,100,9.56,10,10
154,0,e1,25,25,100,9.56,10,10
155,0,e1,25,25,100,9.56,10,10
155,1,e1,25,25,100,0.00,10,10
156,0,e1,25,25,100,9.56,10,10
157,0,e1,25,25,100,9.56,10,10
158,0,e1,25,25,100,9.56,10,10
159,0,e1,25,25,100,9.56,10,10
159,1,e1,25,25,100,0.00,10,10
160,0,e1,25,25,100,9.56,10,10
160,1,e1,25,25,100,0.00,10,10
161,0,e1,25,25,100,9.56,10,10
162,0,e1,25,25,100,9.56,10,10
162,1,e1,25,25,100,0.00,10,10
163,0,e1,25,25,100,9.56,10,10
164,0,e1,25,25,100,9.56,10,10
164,1,e1,25,25,100,0.00,10,10
165,0,e1,25,25,100,9.56,10,10
166,0,e1,25,25,100,9.56,10,10
166,1,e1,25,25,100,0.00,10,10
167,0,e1,25,25,100,9.56,10,10
168,0,e1,25,25,100,9.56,10,10
169,0,e1,25,25,100,9.56,10,10
169,1,e1,25,25,100,0.00,10,10
170,0,e1,25,25,100,9.56,10,10
171,0,e1,25,25,100,9.56,10,10
172,0,e1,25,25,100,9.56,10,10
173,0,e1,25,25,100,9.56,10,10
173,1,e1,25,25,100,0.00,10,10
174,0,e1,25,25,100,9.56,10,10
174,1,e1,25,25,100,0.00,10,10
175,0,e1,25,25,100,9.56,10,10
176,0,e1,25,25,100,9.56,10,10
176,1,e1,25,25,100,0.00,10,10
177,0,e1,25,25,100,9.56,10,10
178,0,e1,25,25,100,9.56,10,10
179,0,e1,25,25,100,9.56,10,10
179,1,e1,25,25,100,0.00,10,10
180,0,e1,25,25,100,9.56,10,10
180,1,e1,25,25,100,0.00,10,10
181,0,e1,25,25,100,9.56,10,10
182,0,e1,25,25,100,9.56,10,10
183,0,e1,25,25,100,9.56,10,10
183,1,e1,25,25,100,0.00,10,10
184,0,e1,25,25,100,9.56,10,10
185,0,e1,25,25,100,9.56,10,10
186,0,e1,25,25,100,9.56,10,10
187,0,e1,25,25,100,9.56,10,10
187,1,e1,25,25,100,0.00,10,10
188,0,e1,25,25,100,9.56,10,10
188,1,e1,25,25,100,0.00,10,10
189,0,e1,25,25,100,9.56,10,10
190,0,e1,25,25,100,9.56,10,10
190,1,e1,25,25,100,0.00,10,10
191,0,e1,25,25,100,9.56,10,10
192,0,e1,25,25,100,9.56,10,10
193,0,e1,25,25,100,9.56,10,10
193,1,e1,25,25,100,0.00,10,10
194,0,e1,25,25,100,9.56,10,10
194,1,e1,25,25,100,0.00,10,10
195,0,e1,25,25,100,9.56,10,10
196,0,e1,25,25,100,9.56,10,10
197,0,e1,25,25,100,9.56,10,10
197,1,e1,25,25,100,0.00,10,10
198,0,e1,25,25,100,9.56,10,10
199,0,e1,25,25,100,9.56,10,10
200,0,e1,25,25,100,9.56,10,10
201,0,e1,25,25,100,9.56,10,10
201,1,e1,25,25,100,0.00,10,10
202,0,e1,25,25,100,9.56,10,10
202,1,e1,25,25,100,0.00,10,10
203,0,e1,25,25,100,9.56,10,10
204,0,e1,25,25,100,9.56,10,10
205,0,e1,25,25,100,9.56,10,10
205,1,e1,25,25,100,0.00,10,10
206,0,e1,25,25,100,9.56,10,10
207,0,e1,25,25,100,9.56,10,10
207,1,e1,25,25,100,0.00,10,10
208,0,e1,25,25,100,9.56,10,10
208,1,e1,25,25,100,0.00,10,10
209,0,e1,25,25,100,9.56,10,10
210,0,e1,25,25,100,9.56,10,10
211,0,e1,25,25,100,9.56,10,10
212,0,e1,25,25,100,9.56,10,10
212,1,e1,25,25,100,0.00,10,10
213,0,e1,25,25,100,9.56,10,10
214,0,e1,25,25,100,9.56,10,10
215,0,e1,25,25,100,9.56,10,10
215,1,e1,25,25,100,0.00,10,10
216,0,e1,25,25,100,9.56,10,10
216,1,e1,25,25,100,0.00,10,10
217,0,e1,25,25,100,9.56,10,10
218,0,e1,25,25,100,9.56,10,10
219,0,e1,25,25,100,9.56,10,10
219,1,e1,25,25,100,0.00,10,10
220,0,e1,25,25,100,9.56,10,10
221,0,e1,25,25,100,9.56,10,10
221,1,e1,25,25,100,0.00,10,10
222,0,e1,25,25,100,9.56,10,10
222,1,e1,25,25,100,0.00,10,10
223,0,e1,25,25,100,9.56,10,10
224,0,e1,25,25,100,9.56,10,10
225,0,e1,25,25,100,9.56,10,10
226,0,e1,25,25,100,9.56,10,10
226,1,e1,25,25,100,0.00,10,10
227,0,e1,25,25,100,9.56,10,10
228,0,e1,25,25,100,9.56,10,10
229,0,e1,25,25,100,9.56,10,10
229,1,e1,25,25,100,0.00,10,10
230,0,e1,25,25,100,9.56,10,10
230,1,e1,25,25,100,0.00,10,10
231,0,e1,25,25,100,9.56,10,10
232,0,e1,25,25,100,9.56,10,10
233,0,e1,25,25,100,9.56,10,10
233,1,e1,25,25,100,0.00,10,10
234,0,e1,25,25,100,9.56,10,10
235,0,e1,25,25,100,9.56,10,10
235,1,e1,25,25,100,0.00,10,10
236,0,e1,25,25,100,9.56,10,10
236,1,e1,25,25,100,0.00,10,10
237,0,e1,25,25,100,9.56,10,10
238,0,e1,25,25,100,9.56,10,10
239,0,e1,25,25,100,9.56,10,10
240,0,e1,25,25,100,9.56,10,10
240,1,e1,25,25,100,0.00,10,10
241,0,e1,25,25,100,9.56,10,10
242,0,e1,25,25,100,9.56,10,10
243,0,e1,25,25,100,9.56,10,10
243,1,e1,25,25,100,0.00,10,10
244,0,e1,25,25,100,9.56,10,10
245,0,e1,25,25,100,9.56,10,10
245,1,e1,25,25,100,0.00,10,10
246,0,e1,25,25,100,9.56,10,10
247,0,e1,25,25,100,9.56,10,10
247,1,e1,25,25,100,0.00,10,10
248,0,e1,25,25,100,9.56,10,10
249,0,e1,25,25,100,9.56,10,10
249,1,e1,25,25,100,0.00,10,10
250,0,e1,25,25,100,9.56,10,10
251,0,e1,25,25,100,9.56,10,10
251,1,e1,25,25,100,0.00,10,10
252,0,e1,25,25,100,9.56,10,10
253,0,e1,25,25,100,9.56,10,10
254,0,e1,25,25,100,9.56,10,10
254,1,e1,25,25,100,0.00,10,10
255,0,e1,25,25,100,9.56,10,10
256,0,e1,25,25,100,9.56,10,10
257,0,e1,25,25,100,9.56,10,10
258,0,e1,25,25,100,9.56,10,10
258,1,e1,25,25,100,0.00,10,10
259,0,e1,25,25,100,9.56,10,10
259,1,e1,25,25,100,0.00,10,10
260,0,e1,25,25,100,9.56,10,10
261,0,e1,25,25,100,9.56,10,10
261,1,e1,25,25,100,0.00,10,10
262,0,e1,25,25,100,9.56,10,10
263,0,e1,25,25,100,9.56,10,10
263,1,e1,25,25,100,0.00,10,10
264,0,e1,25,25,100,9.56,10,10
265,0,e1,25,25,100,9.56,10,10
265,1,e1,25,25,100,0.00,10,10
266,0,e1,25,25,100,9.56,10,10
267,0,e1,25,25,100,9.56,10,10
268,0,e1,25,25,100,9.56,10,10
268,1,e1,25,25,100,0.00,10,10
269,0,e1,25,25,100,9.56,10,10
270,0,e1,25,25,100,9.56,10,10
271,0,e1,25,25,100,9.56,10,10
272,0,e1,25,25,100,9.56,10,10
272,1,e1,25,25,100,0.00,10,10
273,0,e1,25,25,100,9.56,10,10
273,1,e1,25,25,100,0.00,10,10
274,0,e1,25,25,100,9.56,10,10
275,0,e1,25,25,100,9.56,10,10
275,1,e1,25,25,100,0.00,10,10
276,0,e1,25,25,100,9.56,10,10
277,0,e1,25,25,100,9.56,10,10
278,0,e1,25,25,100,9.56,10,10
278,1,e1,25,25,100,0.00,10,10
279,0,e1,25,25,100,9.56,10,10
279,1,e1,25,25,100,0.00,10,10
280,0,e1,25,25,100,9.56,10,10
281,0,e1,25,25,100,9.56,10,10
282,0,e1,25,25,100,9.56,10,10
282,1,e1,25,25,100,0.00,10,10
283,0,e1,25,25,100,9.56,10,10
284,0,e1,25,25,100,9.56,10,10
285,0,e1,25,25,100,9.56,10,10
286,0,e1,25,25,100,9.56,10,10
286,1,e1,25,25,100,0.00,10,10
287,0,e1,25,25,100,9.56,10,10
287,1,e1,25,25,100,0.00,10,10
288,0,e1,25,25,100,9.56,10,10
289,0,e1,25,25,100,9.56,10,10
289,1,e1,25,25,100,0.00,10,10
290,0,e1,25,25,100,9.56,10,10
291,0,e1,25,25,100,9.56,10,10
292,0,e1,25,25,100,9.56,10,10
292,1,e1,25,25,100,0.00,10,10
293,0,e1,25,25,100,9.56,10,10
293,1,e1,25,25,100,0.00,10,10
294,0,e1,25,25,100,9.56,10,10
295,0,e1,25,25,100,9.56,10,10
296,0,e1,25,25,100,9.56,10,10
296,1,e1,25,25,100,0.00,10,10
297,0,e1,25,25,100,9.56,10,10
298,0,e1,25,25,100,9.56,10,10
299,0,e1,25,25,100,9.56,10,10
300,0,e1,25,25,100,9.56,10,10
300,1,e1,25,25,100,0.00,10,10
301,0,e1,25,25,100,9.56,10,10
301,1,e1,25,25,100,0.00,10,10
302,0,e1,25,25,100,9.56,10,10
303,0,e1,25,25,100,9.56,10,10
304,0,e1,25,25,100,9.56,10,10
304,1,e1,25,25,100,0.00,10,10
305,0,e1,25,25,100,9.56,10,10
306,0,e1,25,25,100,9.56,10,10
306,1,e1,25,25,100,0.00,10,10
307,0,e1,25,25,100,9.56,10,10
307,1,e1,25,25,100,0.00,10,10
308,0,e1,25,25,100,9.56,10,10
309,0,e1,25,25,100,9.56,10,10
310,0,e1,25,25,100,9.56,10,10
311,0,e1,25,25,100,9.56,10,10
311,1,e1,25,25,100,0.00,10,10
312,0,e1,25,25,100,9.56,10,10
313,0,e1,25,25,100,9.56,10,10
314,0,e1,25,25,100,9.56,10,10
314,1,e1,25,25,100,0.00,10,10
315,0,e1,25,25,100,9.56,10,10
315,1,e1,25,25,100,0.00,10,10
316,0,e1,25,25,100,9.56,10,10
317,0,e1,25,25,100,9.56,10,10
318,0,e1,25,25,100,9.56,10,10
318,1,e1,25,25,100,0.00,10,10
319,0,e1,25,25,100,9.56,10,10
320,0,e1,25,25,100,9.56,10,10
320,1,e1,25,25,100,0.00,10,10
321,0,e1,25,25,100,9.56,10,10
321,1,e1,25,25,100,0.00,10,10
322,0,e1,25,25,100,9.56,10,10
323,0,e1,25,25,100,9.56,10,10
324,0,e1,25,25,100,9.56,10,10
325,0,e1,25,25,100,9.56,10,10
325,1,e1,25,25,100,0.00,10,10
326,0,e1,25,25,100,9.56,10,10
327,0,e1,25,25,100,9.56,10,10
328,0,e1,25,25,100,9.56,10,10
328,1,e1,25,25,100,0.00,10,10
329,0,e1,25,25,100,9.56,10,10
329,1,e1,25,25,100,0.00,10,10
330,0,e1,25,25,100,9.56,10,10
331,0,e1,25,25,100,9.56,10,10
332,0,e1,25,25,100,9.56,10,10
332,1,e1,25,25,100,0.00,10,10
333,0,e1,25,25,100,9.56,10,10
334,0,e1,25,25,100,9.56,10,10
334,1,e1,25,25,100,0.00,10,10
335,0,e1,25,25,100,9.56,10,10
335,1,e1,25,25,100,0.00,10,10
336,0,e1,25,25,100,9.56,10,10
337,0,e1,25,25,100,9.56,10,10
338,0,e1,25,25,100,9.56,10,10
339,0,e1,25,25,100,9.56,10,10
339,1,e1,25,25,100,0.00,10,10
340,0,e1,25,25,100,9.56,10,10
341,0,e1,25,25,100,9.56,10,10
342,0,e1,25,25,100,9.56,10,10
342,1,e1,25,25,100,0.00,10,10
343,0,e1,25,25,100,9.56,10,10
344,0,e1,25,25,100,9.56,10,10
344,1,e1,25,25,100,0.00,10,10
345,0,e1,25,25,100,9.56,10,10
346,0,e1,25,25,100,9.56,10,10
346,1,e1,25,25,100,0.00,10,10
347,0,e1,25,25,100,9.56,10,10
348,0,e1,25,25,100,9.56,10,10
348,1,e1,25,25,100,0.00,10,10
349,0,e1,25,25,100,9.56,10,10
350,0,e1,25,25,100,9.56,10,10
350,1,e1,25,25,100,0.00,10,10
351,0,e1,25,25,100,9.56,10,10
352,0,e1,25,25,100,9.56,10,10
353,0,e1,25,25,100,9.56,10,10
353,1,e1,25,25,100,0.00,10,10
354,0,e1,25,25,100,9.56,10,10
355,0,e1,25,25,100,9.56,10,10
356,0,e1,25,25,100,9.56,10,10
357,0,e1,25,25,100,9.56,10,10
357,1,e1,25,25,100,0.00,10,10
358,0,e1,25,25,100,9.56,10,10
358,1,e1,25,25,100,0.00,10,10
359,0,e1,25,25,100,9.56,10,10
360,0,e1,25,25,100,9.56,10,10
360,1,e1,25,25,100,0.00,10,10
361,0,e1,25,25,100,9.56,10,10
362,0,e1,25,25,100,9.56,10,10
362,1,e1,25,25,100,0.00,10,10
363,0,e1,25,25,100,9.56,10,10
364,0,e1,25,25,100,9.56,10,10
364,1,e1,25,25,100,0.00,10,10
365,0,e1,25,25,100,9.56,10,10
366,0,e1,25,25,100,9.56,10,10
367,0,e1,25,25,100,9.56,10,10
367,1,e1,25,25,100,0.00,10,10
368,0,e1,25,25,100,9.56,10,10
369,0,e1,25,25,100,9.56,10,10
370,0,e1,25,25,100,9.56,10,10
371,0,e1,25,25,100,9.56,10,10
371,1,e1,25,25,100,0.00,10,10
372,0,e1,25,25,100,9.56,10,10
372,1,e1,25,25,100,0.00,10,10
373,0,e1,25,25,100,9.56,10,10
374,0,e1,25,25,100,9.56,10,10
374,1,e1,25,25,100,0.00,10,10
375,0,e1,25,25,100,9.56,10,10
376,0,e1,25,25,100,9.56,10,10
377,0,e1,25,25,100,9.56,10,10
377,1,e1,25,25,100,0.00,10,10
378,0,e1,25,25,100,9.56,10,10
378,1,e1,25,25,100,0.00,10,10
379,0,e1,25,25,100,9.56,10,10
380,0,e1,25,25,100,9.56,10,10
381,0,e1,25,25,100,9.56,10,10
381,1,e1,25,25,100,0.00,10,10
382,0,e1,25,25,100,9.56,10,10
383,0,e1,25,25,100,9.56,10,10
384,0,e1,25,25,100,9.56,10,10
385,0,e1,25,25,100,9.56,10,10
385,1,e1,25,25,100,0.00,10,10
386,0,e1,25,25,100,9.56,10,10
386,1,e1,25,25,100,0.00,10,10
387,0,e1,25,25,100,9.56,10,10
388,0,e1,25,25,100,9.56,10,10
388,1,e1,25,25,100,0.00,10,10
389,0,e1,25,25,100,9.56,10,10
390,0,e1,25,25,100,9.56,10,10
391,0,e1,25,25,100,9.56,10,10
391,1,e1,25,25,100,0.00,10,10
392,0,e1,25,25,100,9.56,10,10
392,1,e1,25,25,100,0.00,10,10
393,0,e1,25,25,100,9.56,10,10
394,0,e1,25,25,100,9.56,10,10
395,0,e1,25,25,100,9.56,10,10
395,1,e1,25,25,100,0.00,10,10
396,0,e1,25,25,100,9.56,10,10
397,0,e1,25,25,100,9.56,10,10
398,0,e1,25,25,100,9.56,10,10
399,0,e1,25,25,100,9.56,10,10
399,1,e1,25,25,100,0.00,10,10
400,0,e1,25,25,100,9.56,10,10
400,1,e1,25,25,100,0.00,10,10
401,0,e1,25,25,100,9.56,10,10
402,0,e1,25,25,100,9.56,10,10
403,0,e1,25,25,100,9.56,10,10
403,1,e1,25,25,100,0.00,10,10
404,0,e1,25,25,100,9.56,10,10
405,0,e1,25,25,100,9.56,10,10
405,1,e1,25,25,100,0.00,10,10
406,0,e1,25,25,100,9.56,10,10
406,1,e1,25,25,100,0.00,10,10
407,0,e1,25,25,100,9.56,10,10
408,0,e1,25,25,100,9.56,10,10
409,0,e1,25,25,100,9.56,10,10
410,0,e1,25,25,100,9.56,10,10
410,1,e1,25,25,100,0.00,10,10
411,0,e1,25,25,100,9.56,10,10
412,0,e1,25,25,100,9.56,10,10
413,0,e1,25,25,100,9.56,10,10
413,1,e1,25,25,100,0.00,10,10
414,0,e1,25,25,100,9.56,10,10
414,1,e1,25,25,100,0.00,10,10
415,0,e1,25,25,100,9.56,10,10
416,0,e1,25,25,100,9.56,10,10
417,0,e1,25,25,100,9.56,10,10
417,1,e1,25,25,100,0.00,10,10
418,0,e1,25,25,100,9.56,10,10
419,0,e1,25,25,100,9.56,10,10
419,1,e1,25,25,100,0.00,10,10
420,0,e1,25,25,100,9.56,10,10
420,1,e1,25,25,100,0.00,10,10
421,0,e1,25,25,100,9.56,10,10
422,0,e1,25,25,100,9.56,10,10
423,0,e1,25,25,100,9.56,10,10
424,0,e1,25,25,100,9.56,10,10
424,1,e1,25,25,100,0.00,10,10
425,0,e1,25,25,100,9.56,10,10
426,0,e1,25,25,100,9.56,10,10
427,0,e1,25,25,100,9.56,10,10
427,1,e1,25,25,100,0.00,10,10
428,0,e1,25,25,100,9.56,10,10
428,1,e1,25,25,100,0.00,10,10
429,0,e1,25,25,100,9.56,10,10
430,0,e1,25,25,100,9.56,10,10
431,0,e1,25,25,100,9.56,10,10
431,1,e1,25,25,100,0.00,10,10
432,0,e1,25,25,100,9.56,10,10
433,0,e1,25,25,100,9.56,10,10
433,1,e1,25,25,100,0.00,10,10
434,0,e1,25,25,100,9.56,10,10
434,1,e1,25,25,100,0.00,10,10
435,0,e1,25,25,100,9.56,10,10
436,0,e1,25,25,100,9.56,10,10
437,0,e1,25,25,100,9.56,10,10
438,0,e1,25,25,100,9.56,10,10
438,1,e1,25,25,100,0.00,10,10
439,0,e1,25,25,100,9.56,10,10
440,0,e1,25,25,100,9.56,10,10
441,0,e1,25,25,100,9.56,10,10
441,1,e1,25,25,100,0.00,10,10
442,0,e1,25,25,100,9.56,10,10
443,0,e1,25,25,100,9.56,10,10
443,1,e1,25,25,100,0.00,10,10
444,0,e1,25,25,100,9.56,10,10
445,0,e1,25,25,100,9.56,10,10
445,1,e1,25,25,100,0.00,10,10
446,0,e1,25,25,100,9.56,10,10
447,0,e1,25,25,100,9.56,10,10
447,1,e1,25,25,100,0.00,10,10
448,0,e1,25,25,100,9.56,10,10
449,0,e1,25,25,100,9.56,10,10
449,1,e1,25,25,100,0.00,10,10
450,0,e1,25,25,100,9.56,10,10
451,0,e1,25,25,100,9.56,10,10
452,0,e1,25,25,100,9.56,10,10
452,1,e1,25,25,100,0.00,10,10
453,0,e1,25,25,100,9.56,10,10
454,0,e1,25,25,100,9.56,10,10
455,0,e1,25,25,100,9.56,10,10
456,0,e1,25,25,100,9.56,10,10
456,1,e1,25,25,100,0.00,10,10
457,0,e1,25,25,100,9.56,10,10
457,1,e1,25,25,100,0.00,10,10
458,0,e1,25,25,100,9.56,10,10
459,0,e1,25,25,100,9.56,10,10
459,1,e1,25,25,100,0.00,10,10
460,0,e1,25,25,100,9.56,10,10
461,0,e1,25,25,100,9.56,10,10
461,1,e1,25,25,100,0.00,10,10
462,0,e1,25,25,100,9.56,10,10
463,0,e1,25,25,100,9.56,10,10
463,1,e1,25,25,100,0.00,10,10
464,0,e1,25,25,100,9.56,10,10
465,0,e1,25,25,100,9.56,10,10
466,0,e1,25,25,100,9.56,10,10
466,1,e1,25,25,100,0.00,10,10
467,0,e1,25,25,100,9.56,10,10
468,0,e1,25,25,100,9.56,10,10
469,0,e1,25,25,100,9.56,10,10
470,0,e1,25,25,100,9.56,10,10
470,1,e1,25,25,100,0.00,10,10
471,0,e1,25,25,100,9.56,10,10
471,1,e1,25,25,100,0.00,10,10
472,0,e1,25,25,100,9.56,10,10
473,0,e1,25,25,100,9.56,10,10
473,1,e1,25,25,100,0.00,10,10
474,0,e1,25,25,100,9.56,10,10
475,0,e1,25,25,100,9.56,10,10
476,0,e1,25,25,100,9.56,10,10
476,1,e1,25,25,100,0.00,10,10
477,0,e1,25,25,100,9.56,10,10
477,1,e1,25,25,100,0.00,10,10
478,0,e1,25,25,100,9.56,10,10
479,0,e1,25,25,100,9.56,10,10
480,0,e1,25,25,100,9.56,10,10
480,1,e1,25,25,100,0.00,10,10
481,0,e1,25,25,100,9.56,10,10
482,0,e1,25,25,100,9.56,10,10
483,0,e1,25,25,100,9.56,10,10
484,0,e1,25,25,100,9.56,10,10
484,1,e1,25,25,100,0.00,10,10
485,0,e1,25,25,100,9.56,10,10
485,1,e1,25,25,100,0.00,10,10
486,0,e1,25,25,100,9.56,10,10
487,0,e1,25,25,100,9.56,10,10
487,1,e1,25,25,100,0.00,10,10
488,0,e1,25,25,100,9.56,10,10
489,0,e1,25,25,100,9.56,10,10
490,0,e1,25,25,100,9.56,10,10
490,1,e1,25,25,100,0.00,10,10
491,0,e1,25,25,100,9.56,10,10
491,1,e1,25,25,100,0.00,10,10
492,0,e1,25,25,100,9.56,10,10
493,0,e1,25,25,100,9.56,10,10
494,0,e1,25,25,100,9.56,10,10
494,1,e1,25,25,100,0.00,10,10
495,0,e1,25,25,100,9.56,10,10
496,0,e1,25,25,100,9.56,10,10
497,0,e1,25,25,100,9.56,10,10
498,0,e1,25,25,100,9.56,10,10
498,1,e1,25,25,100,0.00,10,10
499,0,e1,25,25,100,9.56,10,10
499,1,e1,25,25,100,0.00,10,10
500,0,e1,25,25,100,9.56,10,10
501,0,e1,25,25,100,9.56,10,10
502,0,e1,25,25,100,9.56,10,10
502,1,e1,25,25,100,0.00,10,10
503,0,e1,25,25,100,9.56,10,10
504,0,e1,25,25,100,9.56,10,10
504,1,e1,25,25,100,0.00,10,10
505,0,e1,25,25,100,9.56,10,10
505,1,e1,25,25,100,0.00,10,10
506,0,e1,25,25,100,9.56,10,10
507,0,e1,25,25,100,9.56,10,10
508,0,e1,25,25,100,9.56,10,10
509,0,e1,25,25,100,9.56,10,10
509,1,e1,25,25,100,0.00,10,10
510,0,e1,25,25,100,9.56,10,10
511,0,e1,25,25,100,9.56,10,10
512,0,e1,25,25,100,9.56,10,10
512,1,e1,25,25,100,0.00,10,10
513,0,e1,25,25,100,9.56,10,10
513,1,e1,25,25,100,0.00,10,10
514,0,e1,25,25,100,9.56,10,10
515,0,e1,25,25,100,9.56,10,10
516,0,e1,25,25,100,9.56,10,10
516,1,e1,25,25,100,0.00,10,10
517,0,e1,25,25,100,9.56,10,10
518,0,e1,25,25,100,9.56,10,10
518,1,e1,25,25,100,0.00,10,10
519,0,e1,25,25,100,9.56,10,10
519,1,e1,25,25,100,0.00,10,10
520,0,e1,25,25,100,9.56,10,10
521,0,e1,25,25,100,9.56,10,10
522,0,e1,25,25,100,9.56,10,10
523,0,e1,25,25,100,9.56,10,10
523,1,e1,25,25,100,0.00,10,10
524,0,e1,25,25,100,9.56,10,10
525,0,e1,25,25,100,9.56,10,10
526,0,e1,25,25,100,9.56,10,10
526,1,e1,25,25,100,0.00,10,10
527,0,e1,25,25,100,9.56,10,10
527,1,e1,25,25,100,0.00,10,10
528,0,e1,25,25,100,9.56,10,10
529,0,e1,25,25,100,9.56,10,10
530,0,e1,25,25,100,9.56,10,10
530,1,e1,25,25,100,0.00,10,10
531,0,e1,25,25,100,9.56,10,10
532,0,e1,25,25,100,9.56,10,10
532,1,e1,25,25,100,0.00,10,10
533,0,e1,25,25,100,9.56,10,10
533,1,e1,25,25,100,0.00,10,10
534,0,e1,25,25,100,9.56,10,10
535,0,e1,25,25,100,9.56,10,10
536,0,e1,25,25,100,9.56,10,10
537,0,e1,25,25,100,9.56,10,10
537,1,e1,25,25,100,0.00,10,10
538,0,e1,25,25,100,9.56,10,10
539,0,e1,25,25,100,9.56,10,10
540,0,e1,25,25,100,9.56,10,10
540,1,e1,25,25,100,0.00,10,10
541,0,e1,25,25,100,9.56,10,10
542,0,e1,25,25,100,9.56,10,10
542,1,e1,25,25,100,0.00,10,10
543,0,e1,25,25,100,9.56,10,10
544,0,e1,25,25,100,9.56,10,10
544,1,e1,25,25,100,0.00,10,10
545,0,e1,25,25,100,9.56,10,10
546,0,e1,25,25,100,9.56,10,10
546,1,e1,25,25,100,0.00,10,10
547,0,e1,25,25,100,9.56,10,10
548,0,e1,25,25,100,9.56,10,10
548,1,e1,25,25,100,0.00,10,10
549,0,e1,25,25,100,9.56,10,10
550,0,e1,25,25,100,9.56,10,10
551,0,e1,25,25,100,9.56,10,10
551,1,e1,25,25,100,0.00,10,10
552,0,e1,25,25,100,9.56,10,10
553,0,e1,25,25,100,9.56,10,10
554,0,e1,25,25,100,9.56,10,10
555,0,e1,25,25,100,9.56,10,10
555,1,e1,25,25,100,0.00,10,10
556,0,e1,25,25,100,9.56,10,10
556,1,e1,25,25,100,0.00,10,10
557,0,e1,25,25,100,9.56,10,10
558,0,e1,25,25,100,9.56,10,10
558,1,e1,25,25,100,0.00,10,10
559,0,e1,25,25,100,9.56,10,10
560,0,e1,25,25,100,9.56,10,10
560,1,e1,25,25,100,0.00,10,10
561,0,e1,25,25,100,9.56,10,10
562,0,e1,25,25,100,9.56,10,10
562,1,e1,25,25,100,0.00,10,10
563,0,e1,25,25,100,9.56,10,10
564,0,e1,25,25,100,9.56,10,10
565,0,e1,25,25,100,9.56,10,10
565,1,e1,25,25,100,0.00,10,10
566,0,e1,25,25,100,9.56,10,10
567,0,e1,25,25,100,9.56,10,10
568,0,e1,25,25,100,9.56,10,10
569,0,e1,25,25,100,9.56,10,10
569,1,e1,25,25,100,0.00,10,10
570,0,e1,25,25,100,9.56,10,10
570,1,e1,25,25,100,0.00,10,10
571,0,e1,25,25,100,9.56,10,10
572,0,e1,25,25,100,9.56,10,10
572,1,e1,25,25,100,0.00,10,10
573,0,e1,25,25,100,9.56,10,10
574,0,e1,25,25,100,9.56,10,10
575,0,e1,25,25,100,9.56,10,10
575,1,e1,25,25,100,0.00,10,10
576,0,e1,25,25,100,9.56,10,10
576,1,e1,25,25,100,0.00,10,10
577,0,e1,25,25,100,9.56,10,10
578,0,e1,25,25,100,9.56,10,10
579,0,e1,25,25,100,9.56,10,10
579,1,e1,25,25,100,0.00,10,10
580,0,e1,25,25,100,9.56,10,10
581,0,e1,25,25,100,9.56,10,10
582,0,e1,25,25,100,9.56,10,10
583,0,e1,25,25,100,9.56,10,10
583,1,e1,25,25,100,0.00,10,10
584,0,e1,25,25,100,9.56,10,10
584,1,e1,25,25,100,0.00,10,10
585,0,e1,25,25,100,9.56,10,10
586,0,e1,25,25,100,9.56,10,10
586,1,e1,25,25,100,0.00,10,10
587,0,e1,25,25,100,9.56,10,10
588,0,e1,25,25,100,9.56,10,10
589,0,e1,25,25,100,9.56,10,10
589,1,e1,25,25,100,0.00,10,10
590,0,e1,25,25,100,9.56,10,10
590,1,e1,25,25,100,0.00,10,10
591,0,e1,25,25,100,9.56,10,10
